TEST_RESULT,Sum
0-1 (1.0/㎕),366
0-1 (1.4/㎕),288
0-1 (1.1/㎕),284
0-1 (0.9/㎕),270
0-1 (2.3/㎕),270
0-1 (0.7/㎕),258
0-1 (2.5/㎕),253
0-1 (2.9/㎕),241
0-1 (0.5/㎕),236
0-1 (1.9/㎕),235
0-1 (0.6/㎕),234
0-1 (2.1/㎕),225
0-1 (2.7/㎕),221
0-1 (3.4/㎕),213
0-1 (1.8/㎕),212
0-1 (4.2/㎕),206
0-1 (3.1/㎕),203
0-1 (1.5/㎕),199
0-1 (4.0/㎕),199
0-1 (3.8/㎕),197
0-1 (3.3/㎕),196
0-1 (1.7/㎕),194
0-1 (4.6/㎕),191
0-1 (4.7/㎕),191
0-1 (1.6/㎕),182
0-1 (3.2/㎕),178
0-1 (4.3/㎕),178
0-1 (5.0/㎕),175
0-1 (2.0/㎕),174
0-1 (1.3/㎕),171
0-1 (3.7/㎕),171
0-1 (3.6/㎕),169
0-1 (1.2/㎕),162
0-1 (5.4/㎕),160
0-1 (2.8/㎕),159
0-1 (2.2/㎕),151
0-1 (4.1/㎕),150
0-1 (6.5/㎕),148
0-1 (5.5/㎕),147
0-1 (5.1/㎕),145
0-1 (5.2/㎕),141
0-1 (5.8/㎕),140
0-1 (6.3/㎕),134
0-1 (5.9/㎕),133
0-1 (2.6/㎕),133
0-1 (6.2/㎕),130
0-1 (0.3/㎕),127
0-1 (3.5/㎕),125
0-1 (5.6/㎕),125
0-1 (2.4/㎕),122
0-1 (6.0/㎕),122
0-1 (0.2/㎕),120
0-1 (6.9/㎕),119
0-1 (3.0/㎕),108
0-1 (7.1/㎕),107
0-1 (6.7/㎕),107
0-1 (8.5/㎕),105
0-1 (7.2/㎕),104
0-1 (7.7/㎕),104
0-1 (3.9/㎕),99
0-1 (4.9/㎕),99
0-1 (8.0/㎕),99
0-1 (7.3/㎕),97
0-1 (7.4/㎕),95
0-1 (6.8/㎕),93
0-1 (4.5/㎕),92
0-1 (4.4/㎕),92
0-1 (0.8/㎕),91
0-1 (6.4/㎕),86
0-1 (8.6/㎕),86
0-1 (8.1/㎕),86
0-1 (10.5/㎕),85
0-1 (7.8/㎕),81
0-1 (9.0/㎕),81
0-1 (9.3/㎕),80
0-1 (8.3/㎕),79
0-1 (9.6/㎕),79
0-1 (9.9/㎕),76
0-1 (8.9/㎕),76
0-1 (4.8/㎕),76
0-1 (9.1/㎕),75
0-1 (8.7/㎕),73
0-1 (6.6/㎕),71
0-1 (8.2/㎕),70
0-1 (7.6/㎕),69
0-1 (9.8/㎕),69
2-5 (12.2/㎕),65
0-1 (10.8/㎕),63
2-5 (11.2/㎕),63
0-1 (10.4/㎕),63
0-1 (10.1/㎕),62
2-5 (16.2/㎕),61
0-1 (10.7/㎕),59
2-5 (11.8/㎕),59
2-5 (11.7/㎕),59
2-5 (14.7/㎕),58
2-5 (13.0/㎕),58
2-5 (12.0/㎕),57
2-5 (11.1/㎕),57
2-5 (12.6/㎕),57
0-1 (0.1/㎕),56
2-5 (12.4/㎕),56
0-1 (9.4/㎕),56
2-5 (12.1/㎕),56
0-1 (9.5/㎕),55
2-5 (12.9/㎕),54
2-5 (12.5/㎕),54
0-1 (7.5/㎕),54
0-1 (5.3/㎕),53
0-1 (5.7/㎕),52
2-5 (13.9/㎕),51
0-1 (8.4/㎕),51
2-5 (13.3/㎕),51
0-1 (10.2/㎕),51
2-5 (14.2/㎕),50
2-5 (13.8/㎕),50
2-5 (11.3/㎕),50
0-1 (10.0/㎕),49
0-1 (0.4/㎕),49
2-5 (11.6/㎕),49
0-1 (6.1/㎕),49
2-5 (11.4/㎕),48
2-5 (13.4/㎕),48
2-5 (12.7/㎕),47
0-1 (10.9/㎕),45
2-5 (15.3/㎕),45
2-5 (13.5/㎕),44
0-1 (7.0/㎕),44
2-5 (16.0/㎕),44
2-5 (17.5/㎕),44
0-1 (9.2/㎕),43
2-5 (13.6/㎕),42
0-1 (9.7/㎕),42
2-5 (14.9/㎕),42
2-5 (15.1/㎕),42
2-5 (14.3/㎕),41
2-5 (16.1/㎕),41
2-5 (15.8/㎕),40
2-5 (15.7/㎕),40
0-1 (8.8/㎕),40
0-1 (10.3/㎕),39
2-5 (20.2/㎕),38
2-5 (18.0/㎕),38
2-5 (17.1/㎕),38
2-5 (14.8/㎕),38
2-5 (13.1/㎕),38
2-5 (18.4/㎕),37
2-5 (11.5/㎕),35
2-5 (13.7/㎕),35
2-5 (16.7/㎕),34
2-5 (14.1/㎕),34
2-5 (12.3/㎕),34
2-5 (17.3/㎕),34
2-5 (17.6/㎕),33
2-5 (18.8/㎕),33
2-5 (17.0/㎕),33
2-5 (21.5/㎕),33
0-1 (11.0/㎕),33
2-5 (19.5/㎕),32
0-1 (7.9/㎕),32
2-5 (16.9/㎕),32
2-5 (16.5/㎕),32
2-5 (16.4/㎕),31
2-5 (14.6/㎕),31
2-5 (15.4/㎕),31
2-5 (15.2/㎕),30
2-5 (18.2/㎕),30
2-5 (16.6/㎕),30
2-5 (14.5/㎕),30
2-5 (17.9/㎕),29
2-5 (22.3/㎕),29
2-5 (26.6/㎕),29
2-5 (20.9/㎕),29
2-5 (17.8/㎕),29
2-5 (22.0/㎕),29
2-5 (25.4/㎕),29
2-5 (21.1/㎕),28
2-5 (18.7/㎕),28
2-5 (24.9/㎕),28
2-5 (15.0/㎕),28
2-5 (15.5/㎕),28
2-5 (19.3/㎕),27
2-5 (12.8/㎕),27
2-5 (20.6/㎕),27
2-5 (26.2/㎕),27
2-5 (24.2/㎕),27
2-5 (21.7/㎕),27
2-5 (14.0/㎕),26
0-1 (10.6/㎕),26
2-5 (18.6/㎕),26
2-5 (23.6/㎕),26
2-5 (21.9/㎕),26
2-5 (24.1/㎕),25
2-5 (15.6/㎕),25
2-5 (20.4/㎕),25
2-5 (18.3/㎕),25
2-5 (21.8/㎕),24
2-5 (25.7/㎕),24
2-5 (19.2/㎕),24
2-5 (25.5/㎕),24
2-5 (15.9/㎕),24
2-5 (19.7/㎕),24
2-5 (17.4/㎕),24
2-5 (20.0/㎕),23
5-10 (29.3/㎕),23
2-5 (21.3/㎕),23
2-5 (23.3/㎕),22
2-5 (22.2/㎕),22
2-5 (24.0/㎕),22
5-10 (32.8/㎕),22
2-5 (17.2/㎕),21
2-5 (21.0/㎕),21
2-5 (14.4/㎕),21
2-5 (13.2/㎕),21
2-5 (19.6/㎕),21
2-5 (19.9/㎕),21
2-5 (11.9/㎕),20
2-5 (24.6/㎕),20
2-5 (23.1/㎕),20
2-5 (22.8/㎕),20
2-5 (19.1/㎕),20
2-5 (22.9/㎕),20
2-5 (20.5/㎕),20
2-5 (27.0/㎕),20
0-1 (0.0/㎕),19
2-5 (27.3/㎕),19
2-5 (17.7/㎕),19
2-5 (23.7/㎕),19
5-10 (30.6/㎕),19
2-5 (23.2/㎕),19
2-5 (25.3/㎕),19
5-10 (29.0/㎕),18
2-5 (16.3/㎕),18
2-5 (22.5/㎕),18
2-5 (22.6/㎕),18
2-5 (19.4/㎕),18
5-10 (28.5/㎕),18
2-5 (27.7/㎕),18
5-10 (39.2/㎕),18
2-5 (26.4/㎕),18
2-5 (25.2/㎕),17
2-5 (24.5/㎕),17
5-10 (29.7/㎕),17
2-5 (22.4/㎕),17
2-5 (21.4/㎕),17
2-5 (22.1/㎕),17
2-5 (27.2/㎕),17
5-10 (31.6/㎕),17
5-10 (31.9/㎕),17
2-5 (25.9/㎕),17
5-10 (30.7/㎕),17
2-5 (24.8/㎕),17
5-10 (28.6/㎕),16
2-5 (22.7/㎕),16
2-5 (26.8/㎕),16
2-5 (19.8/㎕),16
5-10 (38.8/㎕),15
5-10 (34.1/㎕),15
2-5 (25.0/㎕),15
5-10 (48.3/㎕),15
2-5 (25.6/㎕),15
2-5 (24.4/㎕),15
2-5 (27.1/㎕),15
2-5 (18.1/㎕),15
2-5 (21.2/㎕),15
2-5 (19.0/㎕),15
2-5 (27.5/㎕),15
5-10 (42.2/㎕),15
2-5 (23.0/㎕),15
2-5 (26.1/㎕),15
5-10 (33.4/㎕),15
5-10 (32.5/㎕),14
2-5 (26.9/㎕),14
5-10 (34.5/㎕),14
2-5 (18.9/㎕),14
2-5 (18.5/㎕),14
5-10 (32.4/㎕),14
5-10 (28.8/㎕),14
5-10 (38.6/㎕),14
5-10 (30.4/㎕),14
5-10 (30.1/㎕),14
2-5 (23.4/㎕),14
2-5 (20.7/㎕),14
2-5 (27.6/㎕),13
2-5 (20.1/㎕),13
5-10 (39.1/㎕),13
2-5 (20.3/㎕),13
5-10 (30.2/㎕),13
2-5 (23.5/㎕),13
5-10 (29.8/㎕),13
2-5 (26.7/㎕),13
5-10 (28.2/㎕),13
2-5 (16.8/㎕),13
5-10 (40.4/㎕),13
5-10 (39.4/㎕),13
5-10 (33.0/㎕),12
5-10 (34.2/㎕),12
5-10 (40.8/㎕),12
5-10 (31.0/㎕),12
5-10 (33.9/㎕),12
5-10 (35.0/㎕),12
5-10 (29.4/㎕),12
2-5 (26.3/㎕),12
5-10 (31.4/㎕),12
5-10 (34.3/㎕),12
5-10 (31.1/㎕),11
5-10 (32.0/㎕),11
5-10 (34.8/㎕),11
2-5 (25.1/㎕),11
5-10 (35.9/㎕),11
5-10 (30.3/㎕),11
5-10 (28.3/㎕),11
5-10 (32.1/㎕),11
2-5 (23.8/㎕),11
5-10 (32.6/㎕),11
5-10 (36.1/㎕),11
5-10 (31.2/㎕),11
5-10 (29.5/㎕),11
10-25 (56.8/㎕),11
5-10 (48.0/㎕),10
5-10 (31.3/㎕),10
5-10 (33.5/㎕),10
5-10 (47.1/㎕),10
5-10 (36.5/㎕),10
2-5 (23.9/㎕),10
5-10 (30.8/㎕),10
5-10 (41.3/㎕),10
5-10 (28.9/㎕),10
5-10 (35.6/㎕),10
5-10 (44.7/㎕),10
5-10 (28.0/㎕),10
5-10 (28.1/㎕),10
5-10 (35.5/㎕),10
2-5 (25.8/㎕),10
5-10 (43.4/㎕),10
5-10 (47.2/㎕),9
5-10 (39.9/㎕),9
5-10 (35.4/㎕),9
5-10 (39.8/㎕),9
5-10 (27.8/㎕),9
5-10 (41.4/㎕),9
10-25 (61.3/㎕),9
5-10 (54.9/㎕),9
5-10 (37.3/㎕),9
5-10 (43.0/㎕),9
2-5 (21.6/㎕),9
5-10 (47.9/㎕),9
5-10 (38.1/㎕),9
5-10 (37.7/㎕),9
2-5 (26.5/㎕),9
5-10 (45.2/㎕),9
5-10 (30.0/㎕),9
5-10 (38.7/㎕),9
5-10 (43.5/㎕),9
2-5 (27.4/㎕),9
5-10 (29.1/㎕),9
5-10 (40.0/㎕),9
5-10 (43.8/㎕),9
5-10 (48.8/㎕),9
5-10 (38.5/㎕),9
5-10 (43.9/㎕),9
5-10 (53.2/㎕),9
5-10 (33.2/㎕),9
5-10 (50.3/㎕),8
2-5 (20.8/㎕),8
5-10 (33.3/㎕),8
10-25 (59.7/㎕),8
5-10 (46.3/㎕),8
10-25 (64.7/㎕),8
5-10 (41.1/㎕),8
5-10 (39.5/㎕),8
5-10 (51.2/㎕),8
5-10 (28.4/㎕),8
5-10 (32.2/㎕),8
5-10 (50.1/㎕),8
10-25 (64.3/㎕),8
5-10 (55.5/㎕),8
5-10 (42.5/㎕),8
10-25 (74.7/㎕),8
5-10 (36.8/㎕),8
5-10 (31.7/㎕),8
5-10 (40.1/㎕),8
10-25 (58.5/㎕),8
5-10 (37.0/㎕),8
10-25 (69.6/㎕),8
5-10 (35.7/㎕),8
5-10 (39.0/㎕),8
10-25 (65.2/㎕),8
5-10 (29.9/㎕),8
5-10 (36.3/㎕),8
5-10 (36.0/㎕),8
5-10 (31.5/㎕),8
5-10 (34.6/㎕),8
10-25 (57.8/㎕),8
5-10 (27.9/㎕),8
10-25 (56.1/㎕),8
5-10 (33.8/㎕),8
5-10 (45.8/㎕),7
5-10 (44.8/㎕),7
5-10 (32.3/㎕),7
5-10 (42.1/㎕),7
5-10 (55.1/㎕),7
10-25 (58.0/㎕),7
10-25 (69.3/㎕),7
5-10 (52.6/㎕),7
5-10 (34.0/㎕),7
5-10 (44.3/㎕),7
5-10 (50.7/㎕),7
10-25 (110.7/㎕),7
5-10 (46.2/㎕),7
5-10 (37.8/㎕),7
5-10 (49.2/㎕),7
10-25 (70.5/㎕),7
5-10 (37.6/㎕),7
5-10 (34.7/㎕),7
10-25 (60.3/㎕),7
5-10 (53.4/㎕),7
10-25 (63.1/㎕),7
10-25 (60.7/㎕),7
5-10 (36.4/㎕),7
5-10 (40.9/㎕),7
5-10 (37.2/㎕),7
5-10 (49.4/㎕),7
2-5 (24.3/㎕),7
10-25 (63.4/㎕),7
10-25 (72.8/㎕),7
10-25 (86.8/㎕),7
10-25 (61.6/㎕),7
5-10 (36.6/㎕),7
5-10 (33.6/㎕),7
5-10 (50.2/㎕),7
5-10 (41.6/㎕),7
5-10 (46.9/㎕),7
5-10 (40.3/㎕),6
5-10 (37.4/㎕),6
10-25 (55.9/㎕),6
5-10 (48.4/㎕),6
10-25 (86.0/㎕),6
5-10 (52.8/㎕),6
10-25 (90.9/㎕),6
10-25 (111.7/㎕),6
10-25 (58.7/㎕),6
5-10 (46.8/㎕),6
10-25 (66.9/㎕),6
10-25 (63.3/㎕),6
10-25 (78.9/㎕),6
5-10 (41.5/㎕),6
10-25 (104.1/㎕),6
10-25 (77.1/㎕),6
5-10 (30.5/㎕),6
5-10 (45.7/㎕),6
10-25 (63.0/㎕),6
10-25 (62.8/㎕),6
10-25 (83.2/㎕),6
5-10 (46.7/㎕),6
10-25 (70.6/㎕),6
10-25 (106.8/㎕),6
5-10 (44.6/㎕),6
5-10 (47.7/㎕),6
10-25 (78.8/㎕),6
5-10 (36.7/㎕),6
10-25 (77.9/㎕),6
10-25 (58.4/㎕),6
5-10 (53.1/㎕),6
10-25 (68.0/㎕),6
5-10 (49.6/㎕),6
5-10 (42.9/㎕),6
5-10 (38.3/㎕),6
5-10 (53.7/㎕),6
10-25 (72.3/㎕),6
5-10 (36.9/㎕),6
5-10 (49.9/㎕),6
10-25 (75.7/㎕),6
5-10 (33.7/㎕),6
10-25 (82.4/㎕),6
5-10 (28.7/㎕),6
5-10 (38.2/㎕),6
5-10 (42.6/㎕),6
5-10 (45.9/㎕),6
2-5 (24.7/㎕),6
10-25 (59.4/㎕),6
5-10 (45.0/㎕),6
10-25 (63.7/㎕),6
2-5 (26.0/㎕),6
10-25 (67.7/㎕),6
5-10 (29.6/㎕),6
5-10 (52.5/㎕),6
10-25 (94.2/㎕),6
10-25 (69.2/㎕),6
5-10 (49.7/㎕),6
10-25 (67.4/㎕),6
5-10 (38.0/㎕),6
5-10 (51.4/㎕),6
10-25 (64.0/㎕),6
5-10 (39.6/㎕),6
5-10 (53.9/㎕),5
10-25 (99.2/㎕),5
10-25 (56.7/㎕),5
10-25 (58.1/㎕),5
10-25 (62.9/㎕),5
5-10 (42.3/㎕),5
5-10 (43.1/㎕),5
5-10 (51.1/㎕),5
5-10 (37.5/㎕),5
10-25 (61.8/㎕),5
10-25 (62.1/㎕),5
10-25 (115.7/㎕),5
10-25 (70.1/㎕),5
10-25 (92.2/㎕),5
5-10 (51.6/㎕),5
10-25 (59.1/㎕),5
10-25 (78.7/㎕),5
5-10 (32.7/㎕),5
10-25 (68.3/㎕),5
10-25 (56.3/㎕),5
5-10 (51.5/㎕),5
10-25 (74.8/㎕),5
10-25 (58.8/㎕),5
5-10 (40.5/㎕),5
10-25 (61.5/㎕),5
5-10 (54.1/㎕),5
5-10 (34.9/㎕),5
10-25 (71.0/㎕),5
10-25 (72.7/㎕),5
25-50 (150.8/㎕),5
10-25 (59.5/㎕),5
5-10 (52.2/㎕),5
5-10 (48.5/㎕),5
5-10 (50.9/㎕),5
5-10 (29.2/㎕),5
5-10 (49.3/㎕),5
5-10 (49.5/㎕),5
5-10 (41.9/㎕),5
10-25 (70.4/㎕),5
10-25 (75.4/㎕),5
10-25 (63.9/㎕),5
25-50 (163.4/㎕),5
5-10 (41.0/㎕),5
5-10 (43.2/㎕),5
10-25 (67.8/㎕),5
10-25 (62.3/㎕),5
5-10 (55.3/㎕),5
5-10 (44.5/㎕),5
5-10 (37.9/㎕),5
10-25 (57.5/㎕),5
5-10 (51.9/㎕),5
10-25 (79.5/㎕),5
10-25 (67.3/㎕),5
5-10 (41.8/㎕),5
5-10 (44.4/㎕),5
5-10 (53.0/㎕),5
10-25 (74.5/㎕),5
10-25 (109.4/㎕),5
25-50 (174.9/㎕),5
10-25 (59.3/㎕),5
10-25 (111.9/㎕),5
10-25 (65.5/㎕),5
5-10 (42.8/㎕),5
5-10 (45.5/㎕),5
5-10 (40.6/㎕),5
10-25 (64.4/㎕),5
5-10 (49.0/㎕),5
5-10 (47.5/㎕),5
5-10 (47.6/㎕),5
5-10 (41.2/㎕),5
10-25 (56.0/㎕),5
10-25 (69.0/㎕),5
10-25 (61.2/㎕),5
10-25 (81.0/㎕),5
5-10 (50.6/㎕),5
10-25 (63.2/㎕),5
5-10 (35.1/㎕),5
5-10 (54.0/㎕),5
50-99 (439.0/㎕),5
10-25 (73.1/㎕),4
5-10 (48.7/㎕),4
10-25 (64.6/㎕),4
5-10 (52.0/㎕),4
10-25 (74.9/㎕),4
5-10 (37.1/㎕),4
10-25 (71.6/㎕),4
10-25 (127.9/㎕),4
10-25 (75.8/㎕),4
10-25 (60.5/㎕),4
10-25 (74.2/㎕),4
5-10 (51.7/㎕),4
10-25 (86.5/㎕),4
10-25 (69.7/㎕),4
10-25 (92.0/㎕),4
10-25 (62.2/㎕),4
10-25 (84.9/㎕),4
10-25 (73.5/㎕),4
5-10 (45.4/㎕),4
10-25 (110.4/㎕),4
10-25 (56.9/㎕),4
10-25 (70.0/㎕),4
10-25 (83.9/㎕),4
5-10 (49.8/㎕),4
10-25 (59.2/㎕),4
5-10 (30.9/㎕),4
10-25 (89.6/㎕),4
10-25 (73.6/㎕),4
10-25 (98.4/㎕),4
10-25 (75.3/㎕),4
5-10 (44.1/㎕),4
10-25 (72.4/㎕),4
5-10 (41.7/㎕),4
10-25 (58.6/㎕),4
25-50 (197.1/㎕),4
10-25 (61.0/㎕),4
10-25 (62.6/㎕),4
10-25 (62.7/㎕),4
10-25 (76.1/㎕),4
10-25 (84.3/㎕),4
10-25 (57.0/㎕),4
25-50 (163.0/㎕),4
10-25 (120.4/㎕),4
5-10 (43.3/㎕),4
25-50 (167.4/㎕),4
10-25 (62.5/㎕),4
10-25 (72.1/㎕),4
10-25 (68.8/㎕),4
10-25 (81.9/㎕),4
10-25 (67.5/㎕),4
10-25 (85.8/㎕),4
10-25 (56.2/㎕),4
5-10 (53.8/㎕),4
5-10 (33.1/㎕),4
10-25 (81.2/㎕),4
5-10 (54.3/㎕),4
10-25 (66.2/㎕),4
10-25 (55.7/㎕),4
10-25 (133.3/㎕),4
5-10 (40.7/㎕),4
10-25 (60.0/㎕),4
10-25 (68.2/㎕),4
10-25 (102.9/㎕),4
25-50 (141.0/㎕),4
5-10 (52.3/㎕),4
10-25 (133.4/㎕),4
10-25 (55.6/㎕),4
10-25 (74.3/㎕),4
10-25 (63.5/㎕),4
10-25 (56.5/㎕),4
5-10 (51.3/㎕),4
25-50 (144.9/㎕),4
50-99 (290.2/㎕),4
5-10 (47.3/㎕),4
10-25 (87.0/㎕),4
5-10 (52.1/㎕),4
5-10 (42.4/㎕),4
5-10 (48.9/㎕),4
5-10 (32.9/㎕),4
10-25 (99.1/㎕),4
10-25 (85.2/㎕),4
10-25 (59.9/㎕),4
10-25 (71.4/㎕),4
5-10 (53.3/㎕),4
10-25 (79.3/㎕),4
5-10 (54.5/㎕),4
10-25 (126.9/㎕),4
5-10 (45.6/㎕),4
10-25 (74.1/㎕),4
10-25 (87.1/㎕),4
10-25 (138.7/㎕),4
5-10 (36.2/㎕),4
10-25 (78.4/㎕),4
25-50 (159.1/㎕),4
5-10 (47.0/㎕),4
50-99 (372.9/㎕),4
10-25 (102.3/㎕),4
10-25 (71.2/㎕),4
5-10 (44.0/㎕),4
5-10 (46.1/㎕),4
5-10 (43.6/㎕),4
5-10 (35.2/㎕),4
10-25 (63.6/㎕),4
10-25 (64.2/㎕),4
10-25 (132.7/㎕),4
10-25 (77.3/㎕),4
10-25 (71.7/㎕),4
5-10 (47.8/㎕),4
10-25 (92.7/㎕),4
10-25 (70.3/㎕),4
10-25 (71.9/㎕),4
5-10 (50.4/㎕),4
10-25 (84.5/㎕),4
10-25 (64.8/㎕),4
5-10 (55.0/㎕),4
5-10 (50.5/㎕),4
5-10 (49.1/㎕),4
10-25 (127.5/㎕),4
10-25 (60.8/㎕),4
25-50 (169.9/㎕),3
10-25 (85.3/㎕),3
25-50 (245.0/㎕),3
10-25 (80.9/㎕),3
5-10 (54.8/㎕),3
10-25 (87.2/㎕),3
10-25 (73.9/㎕),3
25-50 (206.7/㎕),3
10-25 (58.2/㎕),3
10-25 (108.8/㎕),3
10-25 (114.1/㎕),3
10-25 (60.9/㎕),3
10-25 (121.7/㎕),3
10-25 (69.9/㎕),3
10-25 (66.8/㎕),3
10-25 (60.1/㎕),3
10-25 (61.4/㎕),3
10-25 (68.1/㎕),3
25-50 (167.0/㎕),3
10-25 (61.7/㎕),3
25-50 (139.5/㎕),3
25-50 (166.5/㎕),3
10-25 (58.9/㎕),3
10-25 (117.4/㎕),3
50-99 (539.5/㎕),3
10-25 (69.5/㎕),3
10-25 (104.2/㎕),3
10-25 (79.1/㎕),3
5-10 (38.9/㎕),3
10-25 (118.8/㎕),3
10-25 (57.4/㎕),3
10-25 (134.2/㎕),3
25-50 (156.4/㎕),3
10-25 (93.2/㎕),3
5-10 (50.0/㎕),3
25-50 (196.1/㎕),3
10-25 (78.2/㎕),3
10-25 (85.0/㎕),3
10-25 (88.5/㎕),3
10-25 (83.1/㎕),3
25-50 (237.9/㎕),3
25-50 (180.4/㎕),3
10-25 (71.8/㎕),3
10-25 (86.3/㎕),3
10-25 (93.4/㎕),3
5-10 (45.1/㎕),3
10-25 (74.4/㎕),3
10-25 (91.2/㎕),3
10-25 (79.2/㎕),3
10-25 (118.0/㎕),3
10-25 (120.8/㎕),3
10-25 (107.4/㎕),3
10-25 (98.8/㎕),3
5-10 (42.7/㎕),3
10-25 (64.5/㎕),3
10-25 (84.0/㎕),3
10-25 (108.5/㎕),3
10-25 (83.0/㎕),3
25-50 (210.7/㎕),3
5-10 (47.4/㎕),3
10-25 (92.4/㎕),3
25-50 (221.7/㎕),3
10-25 (104.8/㎕),3
25-50 (165.7/㎕),3
10-25 (87.8/㎕),3
25-50 (208.5/㎕),3
50-99 (538.4/㎕),3
25-50 (143.6/㎕),3
10-25 (97.8/㎕),3
10-25 (66.5/㎕),3
10-25 (73.4/㎕),3
25-50 (189.1/㎕),3
10-25 (90.4/㎕),3
10-25 (59.6/㎕),3
10-25 (82.8/㎕),3
10-25 (131.5/㎕),3
10-25 (59.0/㎕),3
25-50 (244.4/㎕),3
5-10 (43.7/㎕),3
10-25 (80.0/㎕),3
10-25 (128.5/㎕),3
10-25 (78.6/㎕),3
10-25 (79.4/㎕),3
25-50 (141.8/㎕),3
10-25 (70.8/㎕),3
10-25 (128.1/㎕),3
25-50 (144.8/㎕),3
10-25 (113.3/㎕),3
10-25 (86.9/㎕),3
10-25 (79.9/㎕),3
10-25 (76.4/㎕),3
5-10 (42.0/㎕),3
10-25 (62.4/㎕),3
10-25 (88.6/㎕),3
10-25 (126.3/㎕),3
10-25 (71.1/㎕),3
10-25 (55.8/㎕),3
25-50 (146.0/㎕),3
25-50 (201.1/㎕),3
10-25 (107.3/㎕),3
25-50 (145.7/㎕),3
10-25 (70.2/㎕),3
25-50 (193.9/㎕),3
25-50 (150.6/㎕),3
10-25 (113.5/㎕),3
5-10 (35.3/㎕),3
25-50 (154.6/㎕),3
10-25 (92.5/㎕),3
10-25 (124.9/㎕),3
10-25 (96.4/㎕),3
10-25 (86.2/㎕),3
10-25 (75.5/㎕),3
10-25 (89.5/㎕),3
10-25 (90.6/㎕),3
10-25 (57.3/㎕),3
25-50 (160.2/㎕),3
25-50 (144.1/㎕),3
5-10 (34.4/㎕),3
10-25 (77.7/㎕),3
10-25 (101.4/㎕),3
10-25 (69.4/㎕),3
10-25 (66.3/㎕),3
10-25 (111.6/㎕),3
10-25 (99.3/㎕),3
10-25 (109.6/㎕),3
10-25 (116.5/㎕),3
25-50 (236.7/㎕),3
10-25 (78.3/㎕),3
10-25 (103.4/㎕),3
5-10 (54.2/㎕),3
10-25 (115.1/㎕),3
10-25 (84.8/㎕),3
10-25 (84.2/㎕),3
10-25 (105.1/㎕),3
10-25 (125.6/㎕),3
10-25 (106.9/㎕),3
5-10 (55.4/㎕),3
10-25 (80.3/㎕),3
50-99 (311.7/㎕),3
10-25 (65.7/㎕),3
10-25 (89.9/㎕),3
10-25 (119.0/㎕),3
25-50 (139.3/㎕),3
10-25 (76.5/㎕),3
50-99 (338.5/㎕),3
25-50 (155.3/㎕),3
10-25 (68.5/㎕),3
10-25 (92.9/㎕),3
10-25 (127.6/㎕),3
10-25 (68.4/㎕),3
10-25 (73.2/㎕),3
10-25 (69.1/㎕),3
10-25 (94.0/㎕),3
25-50 (168.2/㎕),3
25-50 (168.7/㎕),3
10-25 (106.6/㎕),3
10-25 (121.9/㎕),3
25-50 (159.7/㎕),3
10-25 (93.8/㎕),3
25-50 (178.0/㎕),2
10-25 (95.6/㎕),2
25-50 (201.7/㎕),2
25-50 (240.2/㎕),2
25-50 (152.9/㎕),2
10-25 (78.5/㎕),2
25-50 (187.3/㎕),2
25-50 (219.8/㎕),2
25-50 (258.5/㎕),2
25-50 (210.6/㎕),2
10-25 (121.1/㎕),2
10-25 (122.0/㎕),2
100이상 (1681.8/㎕),2
25-50 (195.1/㎕),2
10-25 (82.1/㎕),2
10-25 (70.9/㎕),2
10-25 (103.6/㎕),2
10-25 (73.8/㎕),2
50-99 (410.9/㎕),2
25-50 (242.3/㎕),2
25-50 (148.0/㎕),2
25-50 (172.0/㎕),2
25-50 (173.1/㎕),2
10-25 (122.7/㎕),2
10-25 (77.2/㎕),2
10-25 (104.4/㎕),2
10-25 (96.5/㎕),2
25-50 (155.6/㎕),2
10-25 (105.4/㎕),2
25-50 (259.8/㎕),2
25-50 (194.2/㎕),2
5-10 (52.7/㎕),2
10-25 (111.8/㎕),2
25-50 (237.6/㎕),2
10-25 (77.4/㎕),2
10-25 (97.6/㎕),2
10-25 (96.9/㎕),2
10-25 (94.7/㎕),2
10-25 (123.9/㎕),2
10-25 (126.6/㎕),2
5-10 (31.8/㎕),2
25-50 (195.4/㎕),2
50-99 (386.3/㎕),2
5-10 (40.2/㎕),2
25-50 (231.4/㎕),2
5-10 (50.8/㎕),2
10-25 (120.5/㎕),2
10-25 (112.0/㎕),2
25-50 (159.8/㎕),2
25-50 (209.9/㎕),2
10-25 (80.6/㎕),2
25-50 (145.1/㎕),2
10-25 (113.9/㎕),2
25-50 (163.7/㎕),2
10-25 (81.1/㎕),2
25-50 (232.8/㎕),2
5-10 (48.1/㎕),2
100이상 (775.4/㎕),2
10-25 (106.7/㎕),2
50-99 (289.4/㎕),2
50-99 (309.7/㎕),2
10-25 (106.4/㎕),2
25-50 (155.0/㎕),2
25-50 (157.5/㎕),2
10-25 (71.5/㎕),2
10-25 (124.3/㎕),2
10-25 (57.6/㎕),2
50-99 (469.9/㎕),2
25-50 (201.8/㎕),2
5-10 (54.4/㎕),2
25-50 (206.1/㎕),2
50-99 (383.9/㎕),2
10-25 (82.6/㎕),2
50-99 (356.3/㎕),2
10-25 (62.0/㎕),2
25-50 (264.8/㎕),2
50-99 (289.0/㎕),2
25-50 (142.7/㎕),2
25-50 (183.2/㎕),2
25-50 (145.8/㎕),2
25-50 (277.1/㎕),2
10-25 (86.4/㎕),2
5-10 (51.8/㎕),2
25-50 (207.5/㎕),2
50-99 (474.8/㎕),2
10-25 (80.5/㎕),2
10-25 (76.3/㎕),2
50-99 (478.4/㎕),2
10-25 (68.9/㎕),2
10-25 (84.1/㎕),2
10-25 (110.9/㎕),2
50-99 (297.0/㎕),2
10-25 (123.6/㎕),2
10-25 (105.3/㎕),2
10-25 (105.6/㎕),2
25-50 (192.0/㎕),2
25-50 (215.9/㎕),2
50-99 (306.1/㎕),2
50-99 (297.5/㎕),2
25-50 (142.2/㎕),2
10-25 (81.8/㎕),2
25-50 (226.5/㎕),2
10-25 (104.0/㎕),2
10-25 (130.4/㎕),2
100이상 (1721.8/㎕),2
25-50 (245.5/㎕),2
25-50 (217.1/㎕),2
10-25 (70.7/㎕),2
10-25 (80.4/㎕),2
25-50 (254.4/㎕),2
10-25 (117.8/㎕),2
25-50 (153.4/㎕),2
10-25 (93.5/㎕),2
25-50 (139.8/㎕),2
50-99 (427.1/㎕),2
25-50 (252.6/㎕),2
50-99 (431.2/㎕),2
10-25 (135.1/㎕),2
50-99 (342.6/㎕),2
50-99 (312.6/㎕),2
25-50 (181.2/㎕),2
25-50 (148.4/㎕),2
10-25 (124.1/㎕),2
10-25 (104.7/㎕),2
25-50 (217.0/㎕),2
10-25 (73.7/㎕),2
25-50 (209.0/㎕),2
25-50 (225.7/㎕),2
10-25 (89.7/㎕),2
25-50 (199.5/㎕),2
25-50 (266.8/㎕),2
50-99 (297.9/㎕),2
10-25 (59.8/㎕),2
10-25 (92.6/㎕),2
10-25 (125.0/㎕),2
25-50 (149.1/㎕),2
100이상 (1354.2/㎕),2
10-25 (79.0/㎕),2
50-99 (307.8/㎕),2
10-25 (107.5/㎕),2
10-25 (129.8/㎕),2
10-25 (86.6/㎕),2
10-25 (137.6/㎕),2
50-99 (303.2/㎕),2
50-99 (379.5/㎕),2
50-99 (449.4/㎕),2
10-25 (104.5/㎕),2
5-10 (54.7/㎕),2
25-50 (180.9/㎕),2
50-99 (357.4/㎕),2
25-50 (144.7/㎕),2
10-25 (123.2/㎕),2
10-25 (76.7/㎕),2
25-50 (142.3/㎕),2
50-99 (293.0/㎕),2
10-25 (110.0/㎕),2
10-25 (94.4/㎕),2
25-50 (170.4/㎕),2
10-25 (135.4/㎕),2
10-25 (120.1/㎕),2
10-25 (65.3/㎕),2
10-25 (95.8/㎕),2
50-99 (336.0/㎕),2
25-50 (140.2/㎕),2
25-50 (174.3/㎕),2
10-25 (108.1/㎕),2
10-25 (116.4/㎕),2
50-99 (396.1/㎕),2
25-50 (156.7/㎕),2
100이상 (616.7/㎕),2
5-10 (46.4/㎕),2
25-50 (249.2/㎕),2
10-25 (114.3/㎕),2
25-50 (140.9/㎕),2
10-25 (125.7/㎕),2
10-25 (111.0/㎕),2
25-50 (140.0/㎕),2
10-25 (76.8/㎕),2
100이상 (1343.7/㎕),2
25-50 (225.4/㎕),2
10-25 (98.5/㎕),2
10-25 (100.3/㎕),2
25-50 (179.8/㎕),2
10-25 (133.1/㎕),2
10-25 (95.7/㎕),2
10-25 (132.3/㎕),2
5-10 (44.9/㎕),2
10-25 (82.3/㎕),2
10-25 (84.4/㎕),2
10-25 (66.1/㎕),2
10-25 (118.5/㎕),2
25-50 (149.3/㎕),2
25-50 (163.9/㎕),2
10-25 (65.0/㎕),2
25-50 (176.3/㎕),2
5-10 (45.3/㎕),2
50-99 (461.0/㎕),2
25-50 (210.1/㎕),2
5-10 (46.5/㎕),2
10-25 (119.3/㎕),2
10-25 (85.6/㎕),2
10-25 (85.9/㎕),2
10-25 (130.2/㎕),2
10-25 (132.4/㎕),2
10-25 (136.4/㎕),2
10-25 (67.9/㎕),2
25-50 (208.9/㎕),2
10-25 (117.7/㎕),2
10-25 (90.5/㎕),2
25-50 (159.9/㎕),2
10-25 (61.9/㎕),2
25-50 (254.2/㎕),2
25-50 (146.8/㎕),2
25-50 (172.7/㎕),2
10-25 (89.1/㎕),2
25-50 (173.8/㎕),2
50-99 (365.0/㎕),2
25-50 (149.5/㎕),2
25-50 (242.0/㎕),2
10-25 (77.5/㎕),2
50-99 (438.1/㎕),2
25-50 (181.1/㎕),2
25-50 (174.6/㎕),2
100이상 (619.1/㎕),2
10-25 (75.9/㎕),2
25-50 (231.9/㎕),2
10-25 (138.2/㎕),2
25-50 (236.3/㎕),2
25-50 (217.2/㎕),2
25-50 (162.9/㎕),2
25-50 (163.2/㎕),2
25-50 (170.5/㎕),2
25-50 (242.2/㎕),2
10-25 (100.0/㎕),2
10-25 (119.9/㎕),2
50-99 (398.7/㎕),2
10-25 (115.0/㎕),2
5-10 (54.6/㎕),2
25-50 (153.5/㎕),2
25-50 (174.1/㎕),2
50-99 (308.7/㎕),2
10-25 (111.3/㎕),2
25-50 (233.7/㎕),2
25-50 (153.7/㎕),2
25-50 (154.9/㎕),2
5-10 (46.0/㎕),2
25-50 (210.3/㎕),2
25-50 (147.0/㎕),2
10-25 (88.7/㎕),2
50-99 (468.4/㎕),2
10-25 (101.6/㎕),2
10-25 (75.6/㎕),2
5-10 (44.2/㎕),2
25-50 (146.9/㎕),2
10-25 (108.9/㎕),2
10-25 (71.3/㎕),2
25-50 (150.1/㎕),2
10-25 (118.6/㎕),2
50-99 (422.4/㎕),2
25-50 (244.2/㎕),2
10-25 (129.5/㎕),2
25-50 (187.4/㎕),2
10-25 (108.7/㎕),2
25-50 (235.0/㎕),2
25-50 (223.0/㎕),2
10-25 (65.6/㎕),2
10-25 (89.4/㎕),2
10-25 (106.5/㎕),2
5-10 (38.4/㎕),2
25-50 (156.6/㎕),2
25-50 (182.8/㎕),2
10-25 (118.2/㎕),2
10-25 (104.9/㎕),2
50-99 (312.4/㎕),2
25-50 (157.7/㎕),2
25-50 (158.0/㎕),2
25-50 (222.4/㎕),2
10-25 (67.0/㎕),2
10-25 (136.2/㎕),2
25-50 (209.1/㎕),2
10-25 (121.8/㎕),2
10-25 (57.2/㎕),2
10-25 (83.8/㎕),2
10-25 (72.0/㎕),2
10-25 (77.6/㎕),2
10-25 (103.5/㎕),2
10-25 (64.9/㎕),2
10-25 (88.8/㎕),2
10-25 (106.2/㎕),2
25-50 (172.4/㎕),2
25-50 (170.3/㎕),2
100이상 (1452.1/㎕),2
10-25 (94.6/㎕),2
50-99 (349.7/㎕),2
10-25 (120.0/㎕),2
10-25 (104.6/㎕),2
10-25 (134.3/㎕),2
10-25 (99.4/㎕),2
10-25 (73.0/㎕),2
10-25 (107.7/㎕),2
50-99 (333.9/㎕),2
25-50 (139.4/㎕),2
10-25 (103.7/㎕),2
10-25 (93.0/㎕),2
25-50 (190.3/㎕),2
25-50 (251.4/㎕),2
25-50 (262.8/㎕),2
25-50 (224.0/㎕),2
50-99 (281.4/㎕),2
50-99 (367.0/㎕),2
10-25 (94.8/㎕),2
10-25 (137.7/㎕),2
10-25 (102.7/㎕),2
25-50 (150.9/㎕),2
25-50 (228.4/㎕),2
25-50 (184.4/㎕),2
50-99 (279.4/㎕),2
25-50 (197.9/㎕),2
50-99 (340.9/㎕),2
25-50 (181.4/㎕),2
10-25 (123.1/㎕),2
25-50 (153.0/㎕),2
25-50 (140.3/㎕),2
25-50 (147.3/㎕),2
25-50 (264.5/㎕),2
100이상 (2657.7/㎕),2
25-50 (154.4/㎕),2
10-25 (92.8/㎕),2
10-25 (129.2/㎕),2
50-99 (278.6/㎕),2
50-99 (383.2/㎕),2
25-50 (180.8/㎕),2
25-50 (206.2/㎕),2
25-50 (159.4/㎕),2
10-25 (65.9/㎕),2
25-50 (219.5/㎕),2
25-50 (223.9/㎕),2
10-25 (106.3/㎕),2
5-10 (39.7/㎕),2
25-50 (262.7/㎕),2
10-25 (97.3/㎕),2
25-50 (143.9/㎕),2
25-50 (182.9/㎕),2
10-25 (58.3/㎕),2
10-25 (125.4/㎕),2
50-99 (286.8/㎕),2
10-25 (120.7/㎕),2
10-25 (121.3/㎕),2
10-25 (93.1/㎕),2
10-25 (96.7/㎕),2
50-99 (455.1/㎕),2
10-25 (114.7/㎕),2
10-25 (137.2/㎕),2
10-25 (91.4/㎕),2
10-25 (74.0/㎕),2
100이상 (801.2/㎕),2
25-50 (249.5/㎕),2
50-99 (382.4/㎕),2
50-99 (440.4/㎕),2
25-50 (208.2/㎕),2
25-50 (172.3/㎕),2
10-25 (89.2/㎕),2
25-50 (153.9/㎕),2
50-99 (299.1/㎕),2
25-50 (143.2/㎕),2
100이상 (1087.1/㎕),2
10-25 (95.5/㎕),2
25-50 (195.6/㎕),2
50-99 (316.3/㎕),2
5-10 (52.9/㎕),2
10-25 (128.9/㎕),2
25-50 (214.6/㎕),2
10-25 (119.2/㎕),2
10-25 (107.9/㎕),2
10-25 (90.2/㎕),2
10-25 (78.1/㎕),2
10-25 (82.9/㎕),2
10-25 (92.3/㎕),2
5-10 (35.8/㎕),2
25-50 (166.9/㎕),2
50-99 (418.0/㎕),2
25-50 (140.7/㎕),2
25-50 (160.4/㎕),2
10-25 (132.5/㎕),2
25-50 (197.2/㎕),2
10-25 (125.8/㎕),2
25-50 (200.1/㎕),2
50-99 (422.6/㎕),2
25-50 (147.9/㎕),2
50-99 (377.2/㎕),2
25-50 (166.4/㎕),2
25-50 (270.7/㎕),2
10-25 (94.3/㎕),2
50-99 (320.0/㎕),2
25-50 (195.5/㎕),2
25-50 (143.4/㎕),2
5-10 (53.5/㎕),2
25-50 (162.3/㎕),2
10-25 (57.1/㎕),2
25-50 (255.8/㎕),2
10-25 (76.9/㎕),2
25-50 (236.2/㎕),2
10-25 (134.9/㎕),2
10-25 (73.3/㎕),2
25-50 (150.2/㎕),2
10-25 (82.0/㎕),2
10-25 (65.1/㎕),2
10-25 (79.8/㎕),2
100이상 (1826.1/㎕),2
25-50 (161.8/㎕),2
10-25 (111.2/㎕),2
10-25 (113.7/㎕),2
10-25 (77.8/㎕),2
25-50 (142.5/㎕),2
100이상 (3160.2/㎕),1
25-50 (267.3/㎕),1
100이상 (1649.9/㎕),1
50-99 (515.6/㎕),1
10-25 (56.4/㎕),1
100이상 (719.1/㎕),1
100이상 (836.1/㎕),1
50-99 (553.2/㎕),1
100이상 (618.0/㎕),1
100이상 (1981.2/㎕),1
100이상 (1427.4/㎕),1
100이상 (1066.9/㎕),1
50-99 (486.3/㎕),1
10-25 (76.2/㎕),1
50-99 (363.1/㎕),1
25-50 (149.6/㎕),1
100이상 (987.2/㎕),1
100이상 (2117.5/㎕),1
100이상 (1177.5/㎕),1
100이상 (1084.1/㎕),1
100이상 (955.9/㎕),1
100이상 (1070.8/㎕),1
100이상 (1132.4/㎕),1
50-99 (317.5/㎕),1
50-99 (310.5/㎕),1
100이상 (1119.1/㎕),1
100이상 (641.0/㎕),1
25-50 (213.6/㎕),1
25-50 (143.8/㎕),1
50-99 (454.7/㎕),1
25-50 (176.6/㎕),1
100이상 (635.6/㎕),1
100이상 (1070.9/㎕),1
100이상 (3579.2/㎕),1
100이상 (1903.1/㎕),1
25-50 (171.4/㎕),1
100이상 (37363.1/㎕),1
100이상 (1453.3/㎕),1
50-99 (502.5/㎕),1
100이상 (41576.0/㎕),1
100이상 (13254.5/㎕),1
100이상 (562.0/㎕),1
50-99 (398.3/㎕),1
25-50 (180.1/㎕),1
100이상 (1728.7/㎕),1
100이상 (2182.5/㎕),1
100이상 (3211.3/㎕),1
10-25 (112.2/㎕),1
100이상 (38539.8/㎕),1
100이상 (6263.9/㎕),1
100이상 (2848.5/㎕),1
100이상 (1435.2/㎕),1
100이상 (811.3/㎕),1
25-50 (226.7/㎕),1
100이상 (10931.4/㎕),1
50-99 (385.0/㎕),1
100이상 (1131.3/㎕),1
100이상 (674.9/㎕),1
100이상 (902.2/㎕),1
50-99 (505.3/㎕),1
100이상 (36298.8/㎕),1
100이상 (10101.2/㎕),1
100이상 (924.3/㎕),1
100이상 (2702.1/㎕),1
100이상 (1149.8/㎕),1
25-50 (147.1/㎕),1
100이상 (612.6/㎕),1
100이상 (5128.1/㎕),1
100이상 (601.2/㎕),1
100이상 (1550.2/㎕),1
100이상 (808.8/㎕),1
100이상 (759.1/㎕),1
50-99 (335.1/㎕),1
100이상 (646.0/㎕),1
100이상 (1343.0/㎕),1
100이상 (597.1/㎕),1
100이상 (3403.1/㎕),1
100이상 (13646.7/㎕),1
100이상 (786.8/㎕),1
100이상 (1719.4/㎕),1
50-99 (301.6/㎕),1
100이상 (1083.0/㎕),1
100이상 (742.2/㎕),1
50-99 (362.1/㎕),1
100이상 (2855.0/㎕),1
100이상 (1359.0/㎕),1
100이상 (58510.8/㎕),1
100이상 (1762.1/㎕),1
100이상 (8234.8/㎕),1
100이상 (2702.4/㎕),1
100이상 (1187.9/㎕),1
100이상 (798.3/㎕),1
25-50 (167.9/㎕),1
100이상 (593.0/㎕),1
100이상 (1200.4/㎕),1
100이상 (968.2/㎕),1
100이상 (711.3/㎕),1
50-99 (545.6/㎕),1
100이상 (607.1/㎕),1
50-99 (370.8/㎕),1
50-99 (509.0/㎕),1
25-50 (249.0/㎕),1
25-50 (211.1/㎕),1
10-25 (97.2/㎕),1
100이상 (1987.6/㎕),1
100이상 (1795.3/㎕),1
100이상 (1609.8/㎕),1
100이상 (3722.8/㎕),1
100이상 (2862.4/㎕),1
10-25 (110.2/㎕),1
100이상 (661.7/㎕),1
10-25 (137.3/㎕),1
100이상 (4567.6/㎕),1
100이상 (5118.4/㎕),1
25-50 (165.1/㎕),1
50-99 (451.6/㎕),1
10-25 (105.0/㎕),1
100이상 (1714.3/㎕),1
50-99 (510.0/㎕),1
50-99 (421.2/㎕),1
25-50 (158.1/㎕),1
100이상 (8434.7/㎕),1
50-99 (369.0/㎕),1
100이상 (5391.3/㎕),1
50-99 (281.3/㎕),1
50-99 (287.6/㎕),1
50-99 (489.7/㎕),1
25-50 (154.7/㎕),1
100이상 (1380.1/㎕),1
25-50 (239.0/㎕),1
25-50 (253.0/㎕),1
50-99 (294.7/㎕),1
10-25 (127.0/㎕),1
50-99 (360.6/㎕),1
10-25 (135.2/㎕),1
10-25 (118.3/㎕),1
50-99 (438.5/㎕),1
100이상 (3695.6/㎕),1
100이상 (7056.4/㎕),1
25-50 (172.5/㎕),1
50-99 (423.8/㎕),1
100이상 (569.8/㎕),1
50-99 (363.6/㎕),1
50-99 (294.0/㎕),1
50-99 (285.2/㎕),1
10-25 (114.6/㎕),1
100이상 (583.1/㎕),1
100이상 (650.1/㎕),1
50-99 (323.5/㎕),1
100이상 (3986.0/㎕),1
50-99 (537.9/㎕),1
10-25 (87.6/㎕),1
50-99 (345.1/㎕),1
50-99 (364.4/㎕),1
100이상 (795.5/㎕),1
50-99 (414.7/㎕),1
25-50 (239.1/㎕),1
50-99 (476.3/㎕),1
100이상 (1345.0/㎕),1
25-50 (165.4/㎕),1
50-99 (477.0/㎕),1
50-99 (476.4/㎕),1
50-99 (533.7/㎕),1
100이상 (11849.4/㎕),1
100이상 (668.2/㎕),1
100이상 (2057.9/㎕),1
100이상 (3193.8/㎕),1
100이상 (680.5/㎕),1
100이상 (10426.2/㎕),1
100이상 (1972.4/㎕),1
25-50 (190.8/㎕),1
25-50 (173.6/㎕),1
50-99 (433.1/㎕),1
50-99 (358.2/㎕),1
100이상 (603.5/㎕),1
50-99 (512.9/㎕),1
100이상 (1484.3/㎕),1
10-25 (100.6/㎕),1
100이상 (2344.2/㎕),1
100이상 (1428.8/㎕),1
25-50 (168.4/㎕),1
25-50 (175.3/㎕),1
100이상 (975.0/㎕),1
25-50 (251.6/㎕),1
100이상 (653.8/㎕),1
25-50 (141.9/㎕),1
100이상 (27949.1/㎕),1
100이상 (766.0/㎕),1
100이상 (2729.8/㎕),1
100이상 (624.4/㎕),1
100이상 (2851.8/㎕),1
100이상 (661.3/㎕),1
25-50 (237.0/㎕),1
100이상 (4247.3/㎕),1
100이상 (8987.6/㎕),1
50-99 (380.8/㎕),1
25-50 (200.6/㎕),1
100이상 (11968.7/㎕),1
100이상 (4649.3/㎕),1
50-99 (512.1/㎕),1
100이상 (5011.5/㎕),1
100이상 (1640.8/㎕),1
100이상 (1607.8/㎕),1
100이상 (13442.7/㎕),1
100이상 (767.0/㎕),1
100이상 (1680.7/㎕),1
10-25 (115.8/㎕),1
100이상 (1850.2/㎕),1
50-99 (404.3/㎕),1
100이상 (2945.0/㎕),1
100이상 (13380.8/㎕),1
100이상 (664.4/㎕),1
100이상 (654.9/㎕),1
100이상 (1062.7/㎕),1
10-25 (105.5/㎕),1
100이상 (2000.8/㎕),1
100이상 (3180.5/㎕),1
25-50 (205.5/㎕),1
25-50 (240.6/㎕),1
100이상 (651.0/㎕),1
100이상 (1295.0/㎕),1
25-50 (165.2/㎕),1
100이상 (4336.4/㎕),1
100이상 (994.0/㎕),1
100이상 (3465.0/㎕),1
100이상 (2912.6/㎕),1
100이상 (716.4/㎕),1
100이상 (1415.9/㎕),1
25-50 (153.2/㎕),1
100이상 (47067.0/㎕),1
100이상 (2175.5/㎕),1
50-99 (356.5/㎕),1
50-99 (365.4/㎕),1
10-25 (94.5/㎕),1
25-50 (203.8/㎕),1
100이상 (1354.6/㎕),1
50-99 (334.8/㎕),1
100이상 (7424.5/㎕),1
25-50 (181.3/㎕),1
100이상 (1548.0/㎕),1
100이상 (1918.4/㎕),1
100이상 (726.2/㎕),1
50-99 (353.9/㎕),1
100이상 (44735.7/㎕),1
100이상 (38552.9/㎕),1
100이상 (33407.7/㎕),1
10-25 (80.1/㎕),1
50-99 (278.9/㎕),1
25-50 (163.5/㎕),1
25-50 (266.4/㎕),1
25-50 (182.5/㎕),1
100이상 (1826.8/㎕),1
100이상 (1423.2/㎕),1
100이상 (1503.9/㎕),1
10-25 (60.6/㎕),1
50-99 (365.1/㎕),1
100이상 (989.7/㎕),1
10-25 (63.8/㎕),1
100이상 (771.6/㎕),1
50-99 (304.6/㎕),1
50-99 (412.3/㎕),1
100이상 (705.7/㎕),1
10-25 (115.9/㎕),1
100이상 (11153.2/㎕),1
100이상 (1825.8/㎕),1
100이상 (23887.2/㎕),1
100이상 (14250.9/㎕),1
50-99 (499.7/㎕),1
100이상 (982.9/㎕),1
100이상 (1360.8/㎕),1
100이상 (562.5/㎕),1
50-99 (352.1/㎕),1
100이상 (3226.2/㎕),1
50-99 (423.1/㎕),1
50-99 (402.1/㎕),1
25-50 (262.1/㎕),1
25-50 (228.8/㎕),1
100이상 (1432.5/㎕),1
10-25 (127.7/㎕),1
25-50 (164.7/㎕),1
100이상 (599.4/㎕),1
25-50 (213.7/㎕),1
100이상 (1273.0/㎕),1
100이상 (652.8/㎕),1
10-25 (67.1/㎕),1
50-99 (406.6/㎕),1
100이상 (1951.0/㎕),1
25-50 (215.4/㎕),1
100이상 (1227.1/㎕),1
100이상 (1474.3/㎕),1
50-99 (528.6/㎕),1
50-99 (426.7/㎕),1
50-99 (451.3/㎕),1
10-25 (66.4/㎕),1
100이상 (3954.6/㎕),1
50-99 (463.8/㎕),1
100이상 (867.3/㎕),1
50-99 (413.6/㎕),1
10-25 (129.1/㎕),1
50-99 (294.5/㎕),1
50-99 (296.9/㎕),1
50-99 (363.0/㎕),1
50-99 (296.6/㎕),1
25-50 (249.4/㎕),1
25-50 (185.0/㎕),1
50-99 (279.8/㎕),1
25-50 (148.7/㎕),1
50-99 (297.6/㎕),1
25-50 (255.6/㎕),1
100이상 (1663.8/㎕),1
100이상 (618.5/㎕),1
50-99 (333.3/㎕),1
100이상 (830.0/㎕),1
50-99 (343.7/㎕),1
50-99 (292.1/㎕),1
100이상 (936.4/㎕),1
100이상 (38030.7/㎕),1
25-50 (243.6/㎕),1
25-50 (269.1/㎕),1
10-25 (132.1/㎕),1
50-99 (288.7/㎕),1
100이상 (1004.6/㎕),1
50-99 (545.4/㎕),1
100이상 (60007.9/㎕),1
50-99 (498.9/㎕),1
100이상 (909.0/㎕),1
100이상 (2567.8/㎕),1
100이상 (2594.6/㎕),1
25-50 (274.6/㎕),1
25-50 (239.5/㎕),1
100이상 (2187.8/㎕),1
50-99 (386.7/㎕),1
100이상 (960.8/㎕),1
100이상 (738.4/㎕),1
25-50 (253.7/㎕),1
25-50 (181.6/㎕),1
25-50 (192.1/㎕),1
100이상 (826.3/㎕),1
50-99 (480.4/㎕),1
100이상 (1078.6/㎕),1
100이상 (2191.9/㎕),1
100이상 (2975.6/㎕),1
10-25 (130.5/㎕),1
100이상 (3897.2/㎕),1
100이상 (2650.0/㎕),1
100이상 (920.3/㎕),1
100이상 (892.3/㎕),1
100이상 (18888.1/㎕),1
100이상 (2065.9/㎕),1
100이상 (753.9/㎕),1
100이상 (649.7/㎕),1
50-99 (420.1/㎕),1
100이상 (907.3/㎕),1
50-99 (448.3/㎕),1
100이상 (29696.1/㎕),1
100이상 (1706.3/㎕),1
100이상 (3487.9/㎕),1
100이상 (9396.4/㎕),1
100이상 (15773.5/㎕),1
50-99 (280.0/㎕),1
10-25 (99.7/㎕),1
25-50 (186.9/㎕),1
100이상 (966.9/㎕),1
50-99 (392.8/㎕),1
100이상 (8868.9/㎕),1
100이상 (14780.5/㎕),1
100이상 (4273.1/㎕),1
100이상 (672.1/㎕),1
100이상 (8115.4/㎕),1
100이상 (1813.8/㎕),1
100이상 (884.9/㎕),1
100이상 (1984.4/㎕),1
100이상 (802.5/㎕),1
10-25 (113.1/㎕),1
100이상 (2623.4/㎕),1
100이상 (20812.2/㎕),1
25-50 (230.8/㎕),1
100이상 (1696.8/㎕),1
50-99 (490.3/㎕),1
100이상 (1649.1/㎕),1
10-25 (116.3/㎕),1
50-99 (349.3/㎕),1
10-25 (80.7/㎕),1
10-25 (72.9/㎕),1
10-25 (99.9/㎕),1
50-99 (400.7/㎕),1
100이상 (675.3/㎕),1
100이상 (4188.6/㎕),1
100이상 (2827.6/㎕),1
25-50 (188.0/㎕),1
25-50 (247.0/㎕),1
100이상 (1356.3/㎕),1
50-99 (299.2/㎕),1
50-99 (391.1/㎕),1
100이상 (1381.5/㎕),1
100이상 (22434.8/㎕),1
100이상 (1688.2/㎕),1
100이상 (10180.6/㎕),1
100이상 (28790.9/㎕),1
100이상 (670.3/㎕),1
50-99 (345.3/㎕),1
100이상 (688.7/㎕),1
10-25 (125.3/㎕),1
100이상 (3518.2/㎕),1
100이상 (3959.0/㎕),1
50-99 (346.4/㎕),1
100이상 (869.4/㎕),1
50-99 (508.4/㎕),1
50-99 (541.6/㎕),1
100이상 (589.0/㎕),1
25-50 (229.7/㎕),1
10-25 (100.7/㎕),1
25-50 (242.8/㎕),1
25-50 (164.9/㎕),1
100이상 (956.1/㎕),1
100이상 (2776.8/㎕),1
25-50 (260.3/㎕),1
10-25 (107.8/㎕),1
100이상 (1499.9/㎕),1
100이상 (2720.4/㎕),1
100이상 (1332.6/㎕),1
25-50 (231.7/㎕),1
50-99 (305.1/㎕),1
50-99 (314.4/㎕),1
25-50 (265.7/㎕),1
100이상 (1000.9/㎕),1
10-25 (74.6/㎕),1
50-99 (390.5/㎕),1
50-99 (374.4/㎕),1
50-99 (509.8/㎕),1
50-99 (311.6/㎕),1
25-50 (158.6/㎕),1
25-50 (258.7/㎕),1
100이상 (12514.8/㎕),1
100이상 (30910.9/㎕),1
100이상 (11479.0/㎕),1
25-50 (257.1/㎕),1
50-99 (462.8/㎕),1
50-99 (371.9/㎕),1
50-99 (495.5/㎕),1
50-99 (413.8/㎕),1
100이상 (733.1/㎕),1
50-99 (473.4/㎕),1
100이상 (716.6/㎕),1
50-99 (289.5/㎕),1
100이상 (1811.3/㎕),1
100이상 (1926.2/㎕),1
5-10 (53.6/㎕),1
25-50 (220.0/㎕),1
25-50 (199.1/㎕),1
100이상 (12973.5/㎕),1
25-50 (238.4/㎕),1
25-50 (263.0/㎕),1
100이상 (680.3/㎕),1
25-50 (268.5/㎕),1
100이상 (766.4/㎕),1
100이상 (1620.4/㎕),1
100이상 (3706.9/㎕),1
50-99 (396.5/㎕),1
25-50 (146.3/㎕),1
100이상 (589.1/㎕),1
100이상 (1479.5/㎕),1
100이상 (5915.8/㎕),1
100이상 (9795.7/㎕),1
100이상 (39170.8/㎕),1
100이상 (26399.8/㎕),1
25-50 (184.9/㎕),1
50-99 (554.6/㎕),1
50-99 (377.0/㎕),1
25-50 (244.5/㎕),1
25-50 (188.3/㎕),1
50-99 (347.6/㎕),1
100이상 (665.8/㎕),1
50-99 (416.8/㎕),1
50-99 (538.0/㎕),1
50-99 (461.2/㎕),1
25-50 (180.5/㎕),1
50-99 (350.0/㎕),1
25-50 (234.4/㎕),1
10-25 (101.3/㎕),1
50-99 (293.6/㎕),1
25-50 (139.0/㎕),1
10-25 (60.2/㎕),1
100이상 (2168.5/㎕),1
100이상 (1025.5/㎕),1
100이상 (2360.7/㎕),1
10-25 (134.8/㎕),1
50-99 (408.5/㎕),1
25-50 (237.7/㎕),1
50-99 (331.0/㎕),1
50-99 (505.2/㎕),1
100이상 (1255.6/㎕),1
25-50 (188.4/㎕),1
25-50 (234.1/㎕),1
25-50 (155.8/㎕),1
50-99 (376.1/㎕),1
25-50 (178.8/㎕),1
50-99 (439.8/㎕),1
50-99 (371.1/㎕),1
25-50 (192.3/㎕),1
50-99 (319.8/㎕),1
100이상 (5326.0/㎕),1
25-50 (171.8/㎕),1
100이상 (699.4/㎕),1
100이상 (837.0/㎕),1
100이상 (581.5/㎕),1
50-99 (426.2/㎕),1
100이상 (845.6/㎕),1
50-99 (303.0/㎕),1
100이상 (603.0/㎕),1
100이상 (936.3/㎕),1
100이상 (834.2/㎕),1
50-99 (332.2/㎕),1
25-50 (177.5/㎕),1
25-50 (267.2/㎕),1
10-25 (90.0/㎕),1
100이상 (810.9/㎕),1
10-25 (129.6/㎕),1
100이상 (1641.7/㎕),1
100이상 (2953.5/㎕),1
100이상 (921.2/㎕),1
100이상 (779.3/㎕),1
50-99 (292.3/㎕),1
100이상 (1752.6/㎕),1
50-99 (435.6/㎕),1
100이상 (561.3/㎕),1
25-50 (269.7/㎕),1
10-25 (124.4/㎕),1
25-50 (253.2/㎕),1
10-25 (102.4/㎕),1
10-25 (121.2/㎕),1
25-50 (201.6/㎕),1
50-99 (315.4/㎕),1
100이상 (978.5/㎕),1
25-50 (239.7/㎕),1
100이상 (916.5/㎕),1
100이상 (730.4/㎕),1
100이상 (1600.2/㎕),1
50-99 (382.8/㎕),1
50-99 (309.4/㎕),1
50-99 (308.0/㎕),1
100이상 (747.6/㎕),1
100이상 (1052.8/㎕),1
100이상 (1788.6/㎕),1
100이상 (946.0/㎕),1
100이상 (747.1/㎕),1
25-50 (195.0/㎕),1
25-50 (209.4/㎕),1
50-99 (396.9/㎕),1
10-25 (105.8/㎕),1
10-25 (96.3/㎕),1
25-50 (160.9/㎕),1
25-50 (151.9/㎕),1
10-25 (110.1/㎕),1
100이상 (4506.3/㎕),1
100이상 (5843.4/㎕),1
100이상 (2216.4/㎕),1
10-25 (122.8/㎕),1
100이상 (36386.7/㎕),1
100이상 (3611.0/㎕),1
50-99 (302.4/㎕),1
25-50 (139.6/㎕),1
100이상 (649.1/㎕),1
100이상 (2022.3/㎕),1
100이상 (10794.1/㎕),1
50-99 (533.3/㎕),1
100이상 (3653.8/㎕),1
100이상 (6364.6/㎕),1
100이상 (1753.5/㎕),1
25-50 (177.0/㎕),1
100이상 (1422.8/㎕),1
100이상 (626.3/㎕),1
100이상 (4099.8/㎕),1
50-99 (384.2/㎕),1
50-99 (338.7/㎕),1
100이상 (8207.9/㎕),1
50-99 (340.4/㎕),1
50-99 (441.2/㎕),1
25-50 (261.1/㎕),1
50-99 (398.8/㎕),1
100이상 (2867.9/㎕),1
50-99 (443.2/㎕),1
50-99 (312.0/㎕),1
25-50 (250.4/㎕),1
50-99 (342.9/㎕),1
100이상 (10471.8/㎕),1
100이상 (4805.5/㎕),1
100이상 (906.8/㎕),1
100이상 (2446.3/㎕),1
25-50 (248.6/㎕),1
100이상 (2180.2/㎕),1
25-50 (251.5/㎕),1
100이상 (697.0/㎕),1
50-99 (402.8/㎕),1
100이상 (6509.6/㎕),1
100이상 (1006.4/㎕),1
25-50 (275.0/㎕),1
25-50 (227.5/㎕),1
25-50 (149.9/㎕),1
50-99 (296.5/㎕),1
100이상 (2752.2/㎕),1
100이상 (4390.7/㎕),1
100이상 (632.9/㎕),1
100이상 (2400.0/㎕),1
50-99 (374.5/㎕),1
50-99 (278.1/㎕),1
100이상 (2346.3/㎕),1
100이상 (567.6/㎕),1
100이상 (565.5/㎕),1
100이상 (2121.9/㎕),1
50-99 (474.1/㎕),1
100이상 (665.5/㎕),1
25-50 (237.8/㎕),1
25-50 (203.3/㎕),1
25-50 (249.1/㎕),1
100이상 (6961.1/㎕),1
100이상 (3702.0/㎕),1
50-99 (399.5/㎕),1
25-50 (216.7/㎕),1
100이상 (642.5/㎕),1
100이상 (9741.3/㎕),1
10-25 (110.3/㎕),1
100이상 (3103.2/㎕),1
100이상 (21520.3/㎕),1
100이상 (22929.9/㎕),1
100이상 (12422.6/㎕),1
25-50 (185.3/㎕),1
100이상 (3327.2/㎕),1
100이상 (2802.5/㎕),1
10-25 (103.3/㎕),1
100이상 (1581.5/㎕),1
100이상 (639.0/㎕),1
10-25 (108.3/㎕),1
25-50 (277.7/㎕),1
100이상 (590.1/㎕),1
25-50 (247.7/㎕),1
100이상 (1859.0/㎕),1
10-25 (123.4/㎕),1
50-99 (363.8/㎕),1
50-99 (403.5/㎕),1
100이상 (1809.7/㎕),1
100이상 (702.0/㎕),1
10-25 (91.0/㎕),1
50-99 (356.2/㎕),1
10-25 (128.3/㎕),1
100이상 (5026.1/㎕),1
100이상 (1605.6/㎕),1
25-50 (275.3/㎕),1
100이상 (1378.5/㎕),1
100이상 (578.3/㎕),1
10-25 (119.5/㎕),1
25-50 (171.9/㎕),1
100이상 (750.8/㎕),1
100이상 (4133.8/㎕),1
50-99 (397.2/㎕),1
50-99 (359.3/㎕),1
25-50 (207.9/㎕),1
10-25 (130.9/㎕),1
50-99 (316.6/㎕),1
100이상 (3318.2/㎕),1
100이상 (6165.1/㎕),1
10-25 (122.5/㎕),1
50-99 (302.9/㎕),1
25-50 (237.2/㎕),1
100이상 (741.5/㎕),1
100이상 (785.1/㎕),1
25-50 (141.1/㎕),1
100이상 (1026.2/㎕),1
100이상 (1560.2/㎕),1
100이상 (897.9/㎕),1
100이상 (887.9/㎕),1
100이상 (14917.5/㎕),1
50-99 (337.3/㎕),1
25-50 (189.8/㎕),1
100이상 (16166.7/㎕),1
10-25 (66.0/㎕),1
50-99 (286.1/㎕),1
100이상 (1019.2/㎕),1
100이상 (4624.7/㎕),1
100이상 (14382.4/㎕),1
100이상 (13366.1/㎕),1
100이상 (43792.5/㎕),1
100이상 (1048.5/㎕),1
100이상 (21221.3/㎕),1
100이상 (7279.8/㎕),1
100이상 (21113.1/㎕),1
100이상 (24526.1/㎕),1
100이상 (50176.5/㎕),1
100이상 (3251.3/㎕),1
10-25 (101.1/㎕),1
100이상 (8260.8/㎕),1
100이상 (9889.9/㎕),1
10-25 (122.4/㎕),1
100이상 (26111.3/㎕),1
100이상 (6873.8/㎕),1
100이상 (16088.9/㎕),1
100이상 (14984.0/㎕),1
100이상 (27329.8/㎕),1
50-99 (503.8/㎕),1
100이상 (2376.5/㎕),1
100이상 (8904.9/㎕),1
100이상 (1408.3/㎕),1
100이상 (573.9/㎕),1
25-50 (171.1/㎕),1
50-99 (449.2/㎕),1
50-99 (318.3/㎕),1
50-99 (331.6/㎕),1
100이상 (3617.6/㎕),1
100이상 (1786.1/㎕),1
10-25 (101.0/㎕),1
50-99 (353.4/㎕),1
100이상 (1326.2/㎕),1
100이상 (615.4/㎕),1
50-99 (278.4/㎕),1
100이상 (47325.0/㎕),1
100이상 (34997.6/㎕),1
100이상 (7909.4/㎕),1
100이상 (711.8/㎕),1
100이상 (2064.3/㎕),1
100이상 (3564.1/㎕),1
100이상 (876.0/㎕),1
100이상 (2347.8/㎕),1
100이상 (972.3/㎕),1
50-99 (485.9/㎕),1
50-99 (480.0/㎕),1
50-99 (523.4/㎕),1
50-99 (428.3/㎕),1
25-50 (186.0/㎕),1
100이상 (4097.4/㎕),1
100이상 (79964.1/㎕),1
100이상 (2288.1/㎕),1
100이상 (1174.8/㎕),1
100이상 (1041.3/㎕),1
100이상 (2379.0/㎕),1
100이상 (4669.6/㎕),1
50-99 (292.8/㎕),1
100이상 (1064.2/㎕),1
25-50 (207.7/㎕),1
100이상 (985.3/㎕),1
50-99 (374.7/㎕),1
25-50 (165.3/㎕),1
25-50 (193.7/㎕),1
100이상 (4274.5/㎕),1
100이상 (1329.3/㎕),1
25-50 (139.9/㎕),1
100이상 (2484.6/㎕),1
25-50 (198.2/㎕),1
25-50 (264.7/㎕),1
100이상 (2500.4/㎕),1
100이상 (820.7/㎕),1
10-25 (127.3/㎕),1
50-99 (321.4/㎕),1
50-99 (499.3/㎕),1
100이상 (1080.8/㎕),1
100이상 (6447.0/㎕),1
100이상 (1594.6/㎕),1
100이상 (3084.5/㎕),1
100이상 (24006.1/㎕),1
100이상 (1243.7/㎕),1
25-50 (147.7/㎕),1
10-25 (116.1/㎕),1
10-25 (123.0/㎕),1
50-99 (327.2/㎕),1
50-99 (371.2/㎕),1
100이상 (1112.6/㎕),1
25-50 (164.3/㎕),1
100이상 (822.5/㎕),1
100이상 (977.3/㎕),1
25-50 (236.1/㎕),1
10-25 (123.7/㎕),1
100이상 (694.4/㎕),1
100이상 (858.9/㎕),1
100이상 (1324.9/㎕),1
25-50 (246.9/㎕),1
100이상 (2521.8/㎕),1
100이상 (2546.9/㎕),1
100이상 (808.9/㎕),1
100이상 (1995.9/㎕),1
100이상 (744.2/㎕),1
100이상 (742.5/㎕),1
50-99 (295.4/㎕),1
50-99 (282.1/㎕),1
100이상 (1026.8/㎕),1
100이상 (6594.6/㎕),1
100이상 (582.4/㎕),1
25-50 (146.6/㎕),1
50-99 (545.5/㎕),1
100이상 (3354.6/㎕),1
100이상 (678.4/㎕),1
25-50 (214.1/㎕),1
50-99 (502.1/㎕),1
100이상 (3780.2/㎕),1
100이상 (627.5/㎕),1
25-50 (157.6/㎕),1
50-99 (442.3/㎕),1
50-99 (337.2/㎕),1
100이상 (5060.6/㎕),1
100이상 (638.1/㎕),1
10-25 (125.9/㎕),1
10-25 (126.7/㎕),1
50-99 (460.4/㎕),1
10-25 (88.0/㎕),1
10-25 (111.4/㎕),1
10-25 (86.7/㎕),1
100이상 (1429.6/㎕),1
100이상 (2646.3/㎕),1
100이상 (14572.0/㎕),1
25-50 (220.3/㎕),1
100이상 (1670.6/㎕),1
50-99 (354.9/㎕),1
50-99 (328.8/㎕),1
100이상 (782.9/㎕),1
100이상 (1981.3/㎕),1
25-50 (237.5/㎕),1
50-99 (407.3/㎕),1
50-99 (289.1/㎕),1
100이상 (1585.7/㎕),1
100이상 (3313.3/㎕),1
100이상 (931.8/㎕),1
100이상 (1196.9/㎕),1
100이상 (1928.5/㎕),1
50-99 (494.1/㎕),1
100이상 (631.1/㎕),1
50-99 (513.3/㎕),1
100이상 (5163.1/㎕),1
25-50 (197.0/㎕),1
25-50 (199.2/㎕),1
100이상 (696.1/㎕),1
50-99 (450.1/㎕),1
50-99 (552.6/㎕),1
100이상 (952.9/㎕),1
50-99 (290.6/㎕),1
100이상 (1784.2/㎕),1
50-99 (400.2/㎕),1
100이상 (4677.7/㎕),1
10-25 (97.7/㎕),1
25-50 (246.3/㎕),1
25-50 (253.5/㎕),1
100이상 (1839.3/㎕),1
5-10 (55.2/㎕),1
25-50 (249.9/㎕),1
50-99 (378.4/㎕),1
100이상 (8066.1/㎕),1
100이상 (625.3/㎕),1
100이상 (645.3/㎕),1
50-99 (402.7/㎕),1
50-99 (543.6/㎕),1
100이상 (5231.5/㎕),1
100이상 (5433.6/㎕),1
10-25 (101.2/㎕),1
100이상 (931.3/㎕),1
25-50 (268.1/㎕),1
50-99 (320.4/㎕),1
100이상 (5120.1/㎕),1
50-99 (327.3/㎕),1
50-99 (341.1/㎕),1
100이상 (1109.1/㎕),1
25-50 (245.6/㎕),1
100이상 (799.4/㎕),1
50-99 (451.9/㎕),1
25-50 (205.3/㎕),1
50-99 (448.6/㎕),1
50-99 (359.9/㎕),1
100이상 (1110.9/㎕),1
50-99 (344.9/㎕),1
100이상 (1724.1/㎕),1
100이상 (2481.9/㎕),1
25-50 (149.2/㎕),1
25-50 (252.0/㎕),1
100이상 (596.3/㎕),1
100이상 (1596.0/㎕),1
25-50 (247.4/㎕),1
50-99 (351.7/㎕),1
10-25 (55.0/㎕),1
10-25 (95.2/㎕),1
25-50 (245.1/㎕),1
100이상 (635.0/㎕),1
50-99 (366.3/㎕),1
25-50 (241.5/㎕),1
100이상 (3207.8/㎕),1
50-99 (527.9/㎕),1
100이상 (1546.1/㎕),1
100이상 (999.3/㎕),1
25-50 (211.7/㎕),1
50-99 (286.4/㎕),1
100이상 (978.4/㎕),1
25-50 (172.9/㎕),1
50-99 (280.9/㎕),1
25-50 (166.6/㎕),1
100이상 (1688.9/㎕),1
25-50 (238.2/㎕),1
25-50 (160.6/㎕),1
25-50 (230.2/㎕),1
25-50 (155.7/㎕),1
50-99 (329.7/㎕),1
25-50 (206.0/㎕),1
50-99 (528.7/㎕),1
100이상 (1896.2/㎕),1
100이상 (20225.0/㎕),1
100이상 (1415.8/㎕),1
100이상 (4950.4/㎕),1
25-50 (227.6/㎕),1
100이상 (1153.2/㎕),1
100이상 (6924.1/㎕),1
100이상 (597.7/㎕),1
100이상 (3745.7/㎕),1
25-50 (210.8/㎕),1
50-99 (283.3/㎕),1
100이상 (1552.2/㎕),1
100이상 (798.1/㎕),1
25-50 (212.8/㎕),1
10-25 (127.8/㎕),1
50-99 (394.1/㎕),1
100이상 (1504.3/㎕),1
100이상 (8443.7/㎕),1
10-25 (101.9/㎕),1
100이상 (782.5/㎕),1
100이상 (10412.0/㎕),1
100이상 (22487.2/㎕),1
100이상 (4535.3/㎕),1
100이상 (1611.9/㎕),1
100이상 (5572.0/㎕),1
100이상 (3262.4/㎕),1
100이상 (1020.7/㎕),1
25-50 (249.3/㎕),1
50-99 (496.0/㎕),1
25-50 (144.4/㎕),1
50-99 (323.2/㎕),1
100이상 (2185.4/㎕),1
100이상 (637.2/㎕),1
100이상 (3927.2/㎕),1
50-99 (323.3/㎕),1
50-99 (519.2/㎕),1
100이상 (991.5/㎕),1
50-99 (475.8/㎕),1
100이상 (938.2/㎕),1
100이상 (667.8/㎕),1
25-50 (213.8/㎕),1
50-99 (472.7/㎕),1
25-50 (194.8/㎕),1
50-99 (324.6/㎕),1
100이상 (13852.7/㎕),1
50-99 (534.0/㎕),1
100이상 (7241.0/㎕),1
100이상 (4574.3/㎕),1
10-25 (102.8/㎕),1
25-50 (183.3/㎕),1
10-25 (117.1/㎕),1
100이상 (715.0/㎕),1
50-99 (409.3/㎕),1
25-50 (173.5/㎕),1
25-50 (202.8/㎕),1
50-99 (551.4/㎕),1
100이상 (1118.8/㎕),1
10-25 (96.8/㎕),1
10-25 (88.1/㎕),1
100이상 (3311.1/㎕),1
50-99 (532.2/㎕),1
100이상 (12978.7/㎕),1
25-50 (242.6/㎕),1
100이상 (38437.1/㎕),1
25-50 (270.9/㎕),1
25-50 (267.9/㎕),1
100이상 (815.2/㎕),1
100이상 (963.9/㎕),1
100이상 (12682.7/㎕),1
10-25 (67.2/㎕),1
25-50 (202.1/㎕),1
25-50 (209.2/㎕),1
25-50 (213.2/㎕),1
25-50 (196.2/㎕),1
25-50 (146.7/㎕),1
100이상 (569.5/㎕),1
25-50 (156.0/㎕),1
25-50 (219.3/㎕),1
50-99 (410.6/㎕),1
100이상 (686.4/㎕),1
100이상 (18560.4/㎕),1
10-25 (120.6/㎕),1
10-25 (106.0/㎕),1
50-99 (470.6/㎕),1
25-50 (246.8/㎕),1
100이상 (576.5/㎕),1
50-99 (510.9/㎕),1
50-99 (389.1/㎕),1
50-99 (412.1/㎕),1
10-25 (129.3/㎕),1
25-50 (185.9/㎕),1
50-99 (314.0/㎕),1
100이상 (1243.9/㎕),1
100이상 (2326.0/㎕),1
50-99 (510.8/㎕),1
100이상 (844.3/㎕),1
50-99 (407.5/㎕),1
100이상 (721.9/㎕),1
100이상 (1041.1/㎕),1
100이상 (712.4/㎕),1
100이상 (1276.2/㎕),1
50-99 (465.2/㎕),1
50-99 (411.6/㎕),1
100이상 (1604.8/㎕),1
100이상 (1237.7/㎕),1
50-99 (386.9/㎕),1
100이상 (1655.3/㎕),1
100이상 (2105.3/㎕),1
100이상 (11779.8/㎕),1
25-50 (197.3/㎕),1
50-99 (390.3/㎕),1
50-99 (365.5/㎕),1
50-99 (304.7/㎕),1
100이상 (896.8/㎕),1
10-25 (109.7/㎕),1
10-25 (98.0/㎕),1
25-50 (228.7/㎕),1
50-99 (484.3/㎕),1
25-50 (190.2/㎕),1
25-50 (241.2/㎕),1
25-50 (161.0/㎕),1
10-25 (114.2/㎕),1
50-99 (334.6/㎕),1
50-99 (278.7/㎕),1
50-99 (319.2/㎕),1
25-50 (168.8/㎕),1
10-25 (89.0/㎕),1
50-99 (544.3/㎕),1
10-25 (102.0/㎕),1
50-99 (480.7/㎕),1
25-50 (223.8/㎕),1
10-25 (112.8/㎕),1
50-99 (392.0/㎕),1
100이상 (699.7/㎕),1
100이상 (8489.8/㎕),1
25-50 (141.3/㎕),1
10-25 (125.1/㎕),1
25-50 (276.5/㎕),1
10-25 (136.1/㎕),1
25-50 (182.4/㎕),1
50-99 (295.9/㎕),1
25-50 (211.5/㎕),1
100이상 (1197.8/㎕),1
25-50 (177.1/㎕),1
25-50 (195.3/㎕),1
100이상 (25218.8/㎕),1
100이상 (5894.3/㎕),1
100이상 (4951.9/㎕),1
100이상 (1380.8/㎕),1
100이상 (561.1/㎕),1
25-50 (178.3/㎕),1
25-50 (198.3/㎕),1
50-99 (417.4/㎕),1
100이상 (1143.0/㎕),1
100이상 (1113.0/㎕),1
100이상 (675.5/㎕),1
100이상 (1811.8/㎕),1
50-99 (488.9/㎕),1
50-99 (393.3/㎕),1
50-99 (392.6/㎕),1
50-99 (519.5/㎕),1
50-99 (379.1/㎕),1
10-25 (107.1/㎕),1
100이상 (689.6/㎕),1
50-99 (398.4/㎕),1
100이상 (557.9/㎕),1
50-99 (393.2/㎕),1
50-99 (481.6/㎕),1
10-25 (128.0/㎕),1
25-50 (189.4/㎕),1
50-99 (291.6/㎕),1
50-99 (456.5/㎕),1
10-25 (117.0/㎕),1
50-99 (331.9/㎕),1
100이상 (2897.9/㎕),1
50-99 (482.9/㎕),1
25-50 (241.0/㎕),1
100이상 (8095.3/㎕),1
100이상 (921.0/㎕),1
100이상 (2795.8/㎕),1
10-25 (124.2/㎕),1
25-50 (148.6/㎕),1
50-99 (541.7/㎕),1
25-50 (264.1/㎕),1
50-99 (303.8/㎕),1
100이상 (817.0/㎕),1
25-50 (143.7/㎕),1
25-50 (143.5/㎕),1
100이상 (611.9/㎕),1
100이상 (781.8/㎕),1
25-50 (207.1/㎕),1
50-99 (296.2/㎕),1
25-50 (170.6/㎕),1
100이상 (1690.4/㎕),1
25-50 (198.8/㎕),1
100이상 (1213.5/㎕),1
50-99 (284.7/㎕),1
50-99 (542.4/㎕),1
25-50 (226.0/㎕),1
10-25 (102.5/㎕),1
25-50 (206.5/㎕),1
25-50 (179.9/㎕),1
100이상 (4628.1/㎕),1
50-99 (287.7/㎕),1
100이상 (3709.5/㎕),1
25-50 (274.1/㎕),1
25-50 (281.1/㎕),1
25-50 (212.3/㎕),1
25-50 (256.2/㎕),1
100이상 (571.9/㎕),1
100이상 (3016.1/㎕),1
50-99 (547.4/㎕),1
100이상 (1143.5/㎕),1
25-50 (184.6/㎕),1
100이상 (911.6/㎕),1
100이상 (2625.3/㎕),1
10-25 (119.1/㎕),1
100이상 (648.9/㎕),1
50-99 (446.7/㎕),1
50-99 (295.6/㎕),1
25-50 (139.7/㎕),1
25-50 (163.6/㎕),1
25-50 (186.5/㎕),1
25-50 (151.0/㎕),1
25-50 (184.8/㎕),1
100이상 (944.7/㎕),1
100이상 (1332.3/㎕),1
50-99 (340.7/㎕),1
10-25 (102.6/㎕),1
10-25 (56.6/㎕),1
100이상 (807.7/㎕),1
100이상 (788.6/㎕),1
50-99 (424.3/㎕),1
100이상 (1320.6/㎕),1
100이상 (6440.2/㎕),1
10-25 (66.7/㎕),1
10-25 (89.8/㎕),1
100이상 (5884.5/㎕),1
25-50 (192.4/㎕),1
25-50 (246.2/㎕),1
10-25 (104.3/㎕),1
10-25 (60.4/㎕),1
25-50 (188.9/㎕),1
25-50 (265.4/㎕),1
50-99 (433.3/㎕),1
25-50 (205.1/㎕),1
10-25 (79.6/㎕),1
100이상 (11117.0/㎕),1
10-25 (67.6/㎕),1
100이상 (1058.7/㎕),1
100이상 (7132.5/㎕),1
50-99 (442.9/㎕),1
25-50 (176.1/㎕),1
50-99 (339.4/㎕),1
100이상 (1649.7/㎕),1
25-50 (196.5/㎕),1
100이상 (625.7/㎕),1
100이상 (656.8/㎕),1
100이상 (979.9/㎕),1
100이상 (1353.8/㎕),1
100이상 (702.5/㎕),1
50-99 (399.3/㎕),1
25-50 (199.6/㎕),1
10-25 (138.1/㎕),1
100이상 (879.9/㎕),1
10-25 (112.4/㎕),1
25-50 (174.4/㎕),1
25-50 (161.6/㎕),1
100이상 (574.1/㎕),1
100이상 (2077.0/㎕),1
25-50 (157.4/㎕),1
50-99 (312.2/㎕),1
25-50 (205.6/㎕),1
100이상 (2423.2/㎕),1
100이상 (848.2/㎕),1
100이상 (824.0/㎕),1
100이상 (1642.3/㎕),1
25-50 (177.8/㎕),1
25-50 (203.6/㎕),1
100이상 (711.2/㎕),1
100이상 (570.1/㎕),1
100이상 (1464.6/㎕),1
25-50 (226.1/㎕),1
100이상 (3995.8/㎕),1
100이상 (2250.3/㎕),1
100이상 (2838.6/㎕),1
50-99 (395.4/㎕),1
100이상 (1483.0/㎕),1
100이상 (857.3/㎕),1
50-99 (372.0/㎕),1
50-99 (328.7/㎕),1
100이상 (912.7/㎕),1
50-99 (472.0/㎕),1
50-99 (549.5/㎕),1
50-99 (289.9/㎕),1
25-50 (164.8/㎕),1
10-25 (127.4/㎕),1
100이상 (2914.4/㎕),1
100이상 (677.0/㎕),1
25-50 (273.9/㎕),1
100이상 (1178.1/㎕),1
100이상 (1023.2/㎕),1
50-99 (299.3/㎕),1
10-25 (96.2/㎕),1
50-99 (291.8/㎕),1
25-50 (235.8/㎕),1
10-25 (128.4/㎕),1
50-99 (457.4/㎕),1
100이상 (1794.2/㎕),1
10-25 (91.6/㎕),1
100이상 (2243.2/㎕),1
100이상 (1395.7/㎕),1
100이상 (794.4/㎕),1
100이상 (2723.6/㎕),1
10-25 (99.5/㎕),1
100이상 (51122.0/㎕),1
100이상 (2130.2/㎕),1
50-99 (395.5/㎕),1
50-99 (326.4/㎕),1
25-50 (228.2/㎕),1
50-99 (457.3/㎕),1
25-50 (215.3/㎕),1
100이상 (2751.7/㎕),1
100이상 (858.5/㎕),1
100이상 (774.6/㎕),1
25-50 (175.0/㎕),1
100이상 (1035.6/㎕),1
50-99 (326.6/㎕),1
10-25 (109.8/㎕),1
100이상 (785.3/㎕),1
100이상 (762.1/㎕),1
100이상 (9845.6/㎕),1
25-50 (188.1/㎕),1
10-25 (96.0/㎕),1
50-99 (461.3/㎕),1
25-50 (175.2/㎕),1
50-99 (323.9/㎕),1
10-25 (75.2/㎕),1
100이상 (5852.8/㎕),1
10-25 (82.7/㎕),1
25-50 (272.2/㎕),1
50-99 (323.1/㎕),1
100이상 (5772.9/㎕),1
10-25 (65.4/㎕),1
25-50 (197.5/㎕),1
25-50 (197.6/㎕),1
25-50 (170.0/㎕),1
10-25 (81.3/㎕),1
10-25 (118.4/㎕),1
100이상 (57469.3/㎕),1
10-25 (107.0/㎕),1
25-50 (148.8/㎕),1
100이상 (586.3/㎕),1
25-50 (162.1/㎕),1
25-50 (164.1/㎕),1
100이상 (937.8/㎕),1
10-25 (130.0/㎕),1
100이상 (2638.6/㎕),1
50-99 (501.9/㎕),1
100이상 (1143.9/㎕),1
100이상 (1044.6/㎕),1
25-50 (188.2/㎕),1
10-25 (57.7/㎕),1
50-99 (281.7/㎕),1
50-99 (533.2/㎕),1
50-99 (382.3/㎕),1
50-99 (382.7/㎕),1
100이상 (880.5/㎕),1
25-50 (233.6/㎕),1
50-99 (466.5/㎕),1
100이상 (1583.9/㎕),1
25-50 (237.4/㎕),1
100이상 (6627.8/㎕),1
25-50 (260.4/㎕),1
25-50 (194.7/㎕),1
100이상 (1011.0/㎕),1
100이상 (2250.9/㎕),1
50-99 (353.1/㎕),1
100이상 (3149.1/㎕),1
50-99 (376.3/㎕),1
100이상 (3559.0/㎕),1
100이상 (1496.1/㎕),1
25-50 (207.2/㎕),1
25-50 (201.3/㎕),1
25-50 (232.6/㎕),1
25-50 (215.7/㎕),1
25-50 (145.0/㎕),1
10-25 (117.2/㎕),1
25-50 (139.2/㎕),1
25-50 (216.8/㎕),1
100이상 (848.8/㎕),1
25-50 (208.0/㎕),1
10-25 (85.7/㎕),1
10-25 (84.6/㎕),1
100이상 (676.2/㎕),1
50-99 (314.9/㎕),1
2-3 (8.1/㎕),1
100이상 (18698.5/㎕),1
100이상 (22113.8/㎕),1
25-50 (212.2/㎕),1
10-25 (68.6/㎕),1
10-25 (100.1/㎕),1
10-25 (109.1/㎕),1
25-50 (166.0/㎕),1
50-99 (283.9/㎕),1
100이상 (825.7/㎕),1
50-99 (313.7/㎕),1
100이상 (981.3/㎕),1
25-50 (164.0/㎕),1
25-50 (254.0/㎕),1
100이상 (1040.1/㎕),1
50-99 (360.5/㎕),1
25-50 (191.6/㎕),1
50-99 (360.8/㎕),1
25-50 (159.6/㎕),1
10-25 (84.7/㎕),1
10-25 (96.1/㎕),1
100이상 (744.0/㎕),1
10-25 (90.7/㎕),1
100이상 (674.5/㎕),1
100이상 (3380.4/㎕),1
100이상 (921.5/㎕),1
10-25 (116.6/㎕),1
50-99 (466.7/㎕),1
25-50 (239.8/㎕),1
25-50 (178.5/㎕),1
25-50 (230.3/㎕),1
100이상 (1582.7/㎕),1
100이상 (1055.0/㎕),1
25-50 (165.9/㎕),1
50-99 (514.8/㎕),1
10-25 (75.0/㎕),1
10-25 (97.0/㎕),1
50-99 (466.1/㎕),1
50-99 (532.9/㎕),1
50-99 (524.8/㎕),1
25-50 (203.5/㎕),1
25-50 (167.7/㎕),1
25-50 (264.6/㎕),1
10-25 (90.1/㎕),1
100이상 (1685.2/㎕),1
100이상 (1849.2/㎕),1
10-25 (76.6/㎕),1
10-25 (85.1/㎕),1
25-50 (228.3/㎕),1
100이상 (2186.9/㎕),1
100이상 (851.2/㎕),1
100이상 (603.1/㎕),1
100이상 (1450.7/㎕),1
100이상 (12661.7/㎕),1
100이상 (11867.5/㎕),1
25-50 (143.1/㎕),1
25-50 (140.8/㎕),1
100이상 (2618.6/㎕),1
100이상 (1515.9/㎕),1
25-50 (184.5/㎕),1
10-25 (135.7/㎕),1
100이상 (913.2/㎕),1
100이상 (736.9/㎕),1
100이상 (663.5/㎕),1
25-50 (218.4/㎕),1
50-99 (369.3/㎕),1
10-25 (87.9/㎕),1
50-99 (326.9/㎕),1
100이상 (735.7/㎕),1
100이상 (3511.7/㎕),1
100이상 (821.4/㎕),1
25-50 (276.4/㎕),1
100이상 (684.3/㎕),1
100이상 (9375.6/㎕),1
100이상 (4860.5/㎕),1
25-50 (261.0/㎕),1
100이상 (2453.5/㎕),1
100이상 (1589.5/㎕),1
100이상 (3183.0/㎕),1
100이상 (1022.6/㎕),1
50-99 (518.0/㎕),1
50-99 (485.6/㎕),1
10-25 (134.1/㎕),1
100이상 (783.8/㎕),1
50-99 (373.1/㎕),1
100이상 (587.9/㎕),1
100이상 (32510.9/㎕),1
100이상 (1954.3/㎕),1
100이상 (1203.8/㎕),1
25-50 (224.5/㎕),1
100이상 (874.6/㎕),1
100이상 (670.0/㎕),1
50-99 (544.9/㎕),1
100이상 (2691.0/㎕),1
100이상 (7884.4/㎕),1
100이상 (7134.1/㎕),1
100이상 (6008.1/㎕),1
100이상 (2945.2/㎕),1
100이상 (2747.2/㎕),1
100이상 (1305.5/㎕),1
100이상 (1772.3/㎕),1
100이상 (1398.4/㎕),1
25-50 (254.9/㎕),1
100이상 (4763.7/㎕),1
100이상 (775.6/㎕),1
50-99 (349.9/㎕),1
50-99 (316.8/㎕),1
25-50 (271.7/㎕),1
50-99 (533.6/㎕),1
10-25 (125.5/㎕),1
50-99 (552.2/㎕),1
100이상 (2018.9/㎕),1
100이상 (1227.3/㎕),1
100이상 (556.8/㎕),1
100이상 (742.9/㎕),1
100이상 (910.4/㎕),1
50-99 (321.3/㎕),1
50-99 (405.6/㎕),1
50-99 (335.4/㎕),1
100이상 (761.0/㎕),1
100이상 (6314.8/㎕),1
25-50 (221.9/㎕),1
100이상 (15991.9/㎕),1
100이상 (1666.1/㎕),1
100이상 (705.2/㎕),1
10-25 (138.0/㎕),1
50-99 (343.4/㎕),1
50-99 (288.0/㎕),1
100이상 (1121.2/㎕),1
50-99 (487.4/㎕),1
10-25 (83.5/㎕),1
100이상 (2189.8/㎕),1
50-99 (363.2/㎕),1
100이상 (6407.2/㎕),1
25-50 (144.5/㎕),1
100이상 (758.2/㎕),1
25-50 (161.4/㎕),1
25-50 (203.9/㎕),1
100이상 (804.2/㎕),1
25-50 (227.0/㎕),1
10-25 (107.2/㎕),1
100이상 (8923.3/㎕),1
50-99 (367.2/㎕),1
50-99 (350.2/㎕),1
50-99 (513.2/㎕),1
50-99 (453.0/㎕),1
100이상 (3199.2/㎕),1
100이상 (10632.4/㎕),1
25-50 (252.9/㎕),1
100이상 (1067.2/㎕),1
50-99 (306.2/㎕),1
25-50 (215.0/㎕),1
50-99 (297.3/㎕),1
50-99 (408.7/㎕),1
50-99 (518.9/㎕),1
50-99 (444.4/㎕),1
100이상 (742.1/㎕),1
100이상 (999.7/㎕),1
100이상 (623.4/㎕),1
50-99 (370.2/㎕),1
50-99 (403.1/㎕),1
10-25 (95.9/㎕),1
100이상 (742.8/㎕),1
100이상 (858.2/㎕),1
100이상 (5195.0/㎕),1
25-50 (198.6/㎕),1
100이상 (920.6/㎕),1
100이상 (566.6/㎕),1
50-99 (283.4/㎕),1
50-99 (457.8/㎕),1
100이상 (4211.7/㎕),1
100이상 (45684.4/㎕),1
100이상 (2813.5/㎕),1
100이상 (3246.4/㎕),1
100이상 (7191.9/㎕),1
100이상 (1119.3/㎕),1
100이상 (1212.1/㎕),1
100이상 (2381.3/㎕),1
100이상 (2607.6/㎕),1
100이상 (1246.0/㎕),1
100이상 (754.4/㎕),1
100이상 (7643.7/㎕),1
50-99 (392.7/㎕),1
50-99 (288.6/㎕),1
50-99 (501.3/㎕),1
100이상 (2236.2/㎕),1
50-99 (320.8/㎕),1
10-25 (61.1/㎕),1
50-99 (368.2/㎕),1
50-99 (417.1/㎕),1
50-99 (530.4/㎕),1
10-25 (95.1/㎕),1
50-99 (412.4/㎕),1
10-25 (106.1/㎕),1
10-25 (100.9/㎕),1
10-25 (133.5/㎕),1
50-99 (282.0/㎕),1
100이상 (1837.1/㎕),1
50-99 (393.1/㎕),1
100이상 (885.3/㎕),1
100이상 (18121.3/㎕),1
100이상 (13239.7/㎕),1
50-99 (468.7/㎕),1
50-99 (466.9/㎕),1
100이상 (2082.5/㎕),1
25-50 (189.0/㎕),1
100이상 (948.4/㎕),1
50-99 (401.9/㎕),1
50-99 (438.8/㎕),1
25-50 (263.1/㎕),1
50-99 (512.4/㎕),1
25-50 (169.4/㎕),1
25-50 (140.4/㎕),1
100이상 (1791.0/㎕),1
25-50 (181.9/㎕),1
25-50 (181.8/㎕),1
25-50 (217.8/㎕),1
50-99 (374.6/㎕),1
50-99 (542.7/㎕),1
100이상 (1177.2/㎕),1
100이상 (965.8/㎕),1
100이상 (2333.7/㎕),1
100이상 (7244.1/㎕),1
50-99 (462.4/㎕),1
50-99 (303.1/㎕),1
100이상 (567.0/㎕),1
100이상 (4512.2/㎕),1
10-25 (127.1/㎕),1
100이상 (7495.1/㎕),1
50-99 (300.1/㎕),1
25-50 (270.6/㎕),1
10-25 (109.0/㎕),1
100이상 (1370.2/㎕),1
10-25 (88.2/㎕),1
100이상 (598.4/㎕),1
100이상 (27481.3/㎕),1
100이상 (2564.6/㎕),1
100이상 (21083.2/㎕),1
100이상 (1603.6/㎕),1
100이상 (677.7/㎕),1
25-50 (190.0/㎕),1
50-99 (444.6/㎕),1
25-50 (158.7/㎕),1
25-50 (204.2/㎕),1
10-25 (137.9/㎕),1
100이상 (2754.9/㎕),1
100이상 (836.7/㎕),1
100이상 (26167.9/㎕),1
100이상 (1446.9/㎕),1
100이상 (1283.7/㎕),1
50-99 (389.4/㎕),1
100이상 (2770.5/㎕),1
100이상 (1330.7/㎕),1
100이상 (4705.8/㎕),1
50-99 (342.0/㎕),1
25-50 (218.9/㎕),1
25-50 (162.2/㎕),1
100이상 (4898.6/㎕),1
25-50 (255.0/㎕),1
100이상 (1306.0/㎕),1
10-25 (105.7/㎕),1
50-99 (311.0/㎕),1
25-50 (145.3/㎕),1
100이상 (1208.7/㎕),1
50-99 (341.3/㎕),1
100이상 (686.9/㎕),1
25-50 (259.9/㎕),1
25-50 (248.7/㎕),1
10-25 (88.3/㎕),1
100이상 (738.3/㎕),1
100이상 (1196.5/㎕),1
100이상 (750.0/㎕),1
100이상 (774.4/㎕),1
50-99 (365.6/㎕),1
25-50 (202.5/㎕),1
25-50 (231.6/㎕),1
100이상 (811.6/㎕),1
50-99 (397.6/㎕),1
100이상 (765.4/㎕),1
25-50 (141.6/㎕),1
100이상 (994.5/㎕),1
100이상 (930.4/㎕),1
100이상 (674.7/㎕),1
100이상 (780.7/㎕),1
100이상 (1366.2/㎕),1
50-99 (342.8/㎕),1
50-99 (305.8/㎕),1
100이상 (573.4/㎕),1
100이상 (926.1/㎕),1
50-99 (551.6/㎕),1
25-50 (221.4/㎕),1
25-50 (147.4/㎕),1
25-50 (153.3/㎕),1
25-50 (236.5/㎕),1
25-50 (207.4/㎕),1
100이상 (8715.5/㎕),1
100이상 (13919.4/㎕),1
100이상 (3119.1/㎕),1
100이상 (649.6/㎕),1
50-99 (343.1/㎕),1
100이상 (1833.2/㎕),1
100이상 (1280.3/㎕),1
100이상 (12114.8/㎕),1
25-50 (257.4/㎕),1
25-50 (211.0/㎕),1
25-50 (155.9/㎕),1
25-50 (238.3/㎕),1
100이상 (558.3/㎕),1
100이상 (987.0/㎕),1
10-25 (129.7/㎕),1
25-50 (155.4/㎕),1
100이상 (948.9/㎕),1
25-50 (261.9/㎕),1
50-99 (389.0/㎕),1
100이상 (1581.6/㎕),1
100이상 (756.9/㎕),1
10-25 (91.9/㎕),1
50-99 (410.5/㎕),1
100이상 (3508.5/㎕),1
100이상 (992.9/㎕),1
100이상 (1438.3/㎕),1
25-50 (155.1/㎕),1
10-25 (126.5/㎕),1
100이상 (8180.0/㎕),1
100이상 (28455.1/㎕),1
50-99 (320.7/㎕),1
100이상 (2145.1/㎕),1
100이상 (3117.2/㎕),1
25-50 (220.2/㎕),1
50-99 (505.0/㎕),1
10-25 (112.5/㎕),1
50-99 (350.8/㎕),1
50-99 (307.4/㎕),1
50-99 (285.0/㎕),1
50-99 (514.5/㎕),1
25-50 (231.5/㎕),1
100이상 (2708.6/㎕),1
10-25 (81.7/㎕),1
50-99 (299.5/㎕),1
25-50 (143.3/㎕),1
25-50 (141.7/㎕),1
100이상 (7601.6/㎕),1
100이상 (3948.4/㎕),1
25-50 (272.9/㎕),1
100이상 (20160.0/㎕),1
25-50 (269.9/㎕),1
100이상 (11835.2/㎕),1
100이상 (14004.9/㎕),1
100이상 (8359.4/㎕),1
100이상 (17872.3/㎕),1
100이상 (13459.1/㎕),1
100이상 (2050.5/㎕),1
100이상 (32976.9/㎕),1
100이상 (12258.5/㎕),1
100이상 (1621.4/㎕),1
100이상 (14294.6/㎕),1
100이상 (34276.6/㎕),1
100이상 (50496.7/㎕),1
100이상 (6071.8/㎕),1
100이상 (6482.8/㎕),1
100이상 (56328.8/㎕),1
100이상 (4527.3/㎕),1
100이상 (989.9/㎕),1
100이상 (19616.9/㎕),1
10-25 (79.7/㎕),1
50-99 (303.5/㎕),1
25-50 (175.7/㎕),1
50-99 (391.5/㎕),1
25-50 (172.2/㎕),1
100이상 (6387.2/㎕),1
25-50 (157.2/㎕),1
50-99 (453.9/㎕),1
100이상 (751.0/㎕),1
50-99 (524.4/㎕),1
100이상 (8633.3/㎕),1
100이상 (981.1/㎕),1
100이상 (981.4/㎕),1
25-50 (259.6/㎕),1
100이상 (33066.5/㎕),1
100이상 (684.2/㎕),1
100이상 (837.7/㎕),1
100이상 (1844.2/㎕),1
100이상 (1758.5/㎕),1
25-50 (167.2/㎕),1
50-99 (288.3/㎕),1
100이상 (806.7/㎕),1
50-99 (518.2/㎕),1
100이상 (8634.2/㎕),1
100이상 (1002.5/㎕),1
100이상 (4627.5/㎕),1
100이상 (893.0/㎕),1
100이상 (1332.9/㎕),1
100이상 (1813.0/㎕),1
25-50 (186.1/㎕),1
100이상 (1522.7/㎕),1
100이상 (3338.1/㎕),1
100이상 (5248.6/㎕),1
100이상 (33609.4/㎕),1
100이상 (11552.7/㎕),1
100이상 (7550.1/㎕),1
100이상 (1596.3/㎕),1
50-99 (297.2/㎕),1
100이상 (736.7/㎕),1
25-50 (175.1/㎕),1
100이상 (1026.5/㎕),1
50-99 (313.2/㎕),1
10-25 (108.6/㎕),1
10-25 (98.3/㎕),1
50-99 (375.7/㎕),1
10-25 (132.8/㎕),1
25-50 (183.6/㎕),1
50-99 (405.9/㎕),1
50-99 (297.7/㎕),1
25-50 (150.0/㎕),1
100이상 (868.5/㎕),1
50-99 (317.3/㎕),1
10-25 (122.2/㎕),1
10-25 (133.7/㎕),1
25-50 (264.0/㎕),1
100이상 (586.6/㎕),1
25-50 (265.9/㎕),1
25-50 (175.4/㎕),1
50-99 (319.0/㎕),1
10-25 (122.6/㎕),1
50-99 (544.0/㎕),1
10-25 (118.7/㎕),1
25-50 (223.6/㎕),1
10-25 (100.5/㎕),1
10-25 (112.7/㎕),1
50-99 (388.3/㎕),1
50-99 (421.8/㎕),1
25-50 (151.3/㎕),1
25-50 (222.6/㎕),1
100이상 (10307.5/㎕),1
10-25 (130.1/㎕),1
100이상 (10358.1/㎕),1
100이상 (5443.6/㎕),1
100이상 (29646.4/㎕),1
100이상 (5155.3/㎕),1
100이상 (5774.6/㎕),1
100이상 (9527.9/㎕),1
100이상 (40914.2/㎕),1
50-99 (477.4/㎕),1
100이상 (25432.5/㎕),1
100이상 (16598.3/㎕),1
100이상 (12005.3/㎕),1
100이상 (14411.9/㎕),1
100이상 (21318.8/㎕),1
100이상 (2932.1/㎕),1
100이상 (4553.6/㎕),1
100이상 (41996.3/㎕),1
100이상 (21966.0/㎕),1
100이상 (10758.1/㎕),1
25-50 (213.9/㎕),1
100이상 (8044.2/㎕),1
25-50 (267.6/㎕),1
100이상 (20389.2/㎕),1
100이상 (4448.8/㎕),1
100이상 (13835.8/㎕),1
100이상 (37314.3/㎕),1
100이상 (21700.7/㎕),1
100이상 (35389.6/㎕),1
100이상 (5251.0/㎕),1
100이상 (35198.3/㎕),1
100이상 (22207.1/㎕),1
100이상 (26999.2/㎕),1
100이상 (2907.6/㎕),1
100이상 (7411.8/㎕),1
100이상 (9836.3/㎕),1
100이상 (19614.5/㎕),1
100이상 (3194.0/㎕),1
50-99 (493.2/㎕),1
100이상 (5830.0/㎕),1
50-99 (373.6/㎕),1
100이상 (596.7/㎕),1
100이상 (1188.3/㎕),1
100이상 (5953.2/㎕),1
100이상 (6238.6/㎕),1
10-25 (137.4/㎕),1
100이상 (24331.7/㎕),1
100이상 (739.2/㎕),1
25-50 (213.4/㎕),1
100이상 (1839.9/㎕),1
100이상 (1614.2/㎕),1
50-99 (303.7/㎕),1
50-99 (456.4/㎕),1
10-25 (99.0/㎕),1
25-50 (229.0/㎕),1
100이상 (592.7/㎕),1
100이상 (17628.1/㎕),1
100이상 (6075.6/㎕),1
10-25 (129.0/㎕),1
50-99 (527.3/㎕),1
25-50 (160.0/㎕),1
25-50 (196.6/㎕),1
25-50 (186.6/㎕),1
25-50 (212.5/㎕),1
100이상 (4208.4/㎕),1
50-99 (552.0/㎕),1
50-99 (389.7/㎕),1
100이상 (1565.5/㎕),1
100이상 (7341.2/㎕),1
100이상 (2180.3/㎕),1
10-25 (108.4/㎕),1
100이상 (2688.2/㎕),1
100이상 (3306.8/㎕),1
100이상 (27401.9/㎕),1
25-50 (162.5/㎕),1
100이상 (1062.9/㎕),1
10-25 (91.5/㎕),1
100이상 (1323.3/㎕),1
100이상 (7880.0/㎕),1
100이상 (1092.5/㎕),1
50-99 (444.5/㎕),1
100이상 (636.4/㎕),1
100이상 (5347.9/㎕),1
100이상 (567.1/㎕),1
100이상 (3200.0/㎕),1
100이상 (4421.6/㎕),1
100이상 (4391.8/㎕),1
100이상 (3287.1/㎕),1
100이상 (4711.4/㎕),1
100이상 (8285.4/㎕),1
10-25 (82.2/㎕),1
10-25 (72.2/㎕),1
25-50 (206.6/㎕),1
50-99 (462.9/㎕),1
100이상 (1235.4/㎕),1
25-50 (257.0/㎕),1
25-50 (214.8/㎕),1
25-50 (256.1/㎕),1
100이상 (748.5/㎕),1
100이상 (692.7/㎕),1
25-50 (274.7/㎕),1
10-25 (124.6/㎕),1
100이상 (762.5/㎕),1
50-99 (380.0/㎕),1
100이상 (1082.8/㎕),1
100이상 (739.7/㎕),1
100이상 (1046.5/㎕),1
100이상 (594.4/㎕),1
50-99 (302.0/㎕),1
10-25 (134.5/㎕),1
100이상 (2387.9/㎕),1
100이상 (51111.1/㎕),1
25-50 (186.3/㎕),1
25-50 (246.1/㎕),1
25-50 (207.6/㎕),1
25-50 (245.7/㎕),1
100이상 (2488.4/㎕),1
100이상 (19027.2/㎕),1
100이상 (4180.0/㎕),1
50-99 (495.7/㎕),1
25-50 (145.6/㎕),1
25-50 (193.0/㎕),1
10-25 (95.3/㎕),1
100이상 (3107.1/㎕),1
100이상 (6062.1/㎕),1
50-99 (478.3/㎕),1
100이상 (781.6/㎕),1
25-50 (142.9/㎕),1
100이상 (1260.1/㎕),1
100이상 (1191.8/㎕),1
100이상 (9309.6/㎕),1
100이상 (3849.8/㎕),1
100이상 (4339.6/㎕),1
25-50 (154.8/㎕),1
50-99 (397.9/㎕),1
100이상 (7557.2/㎕),1
100이상 (1376.8/㎕),1
100이상 (5820.6/㎕),1
100이상 (1146.1/㎕),1
100이상 (1059.0/㎕),1
100이상 (14179.2/㎕),1
10-25 (99.8/㎕),1
100이상 (12922.2/㎕),1
100이상 (7918.0/㎕),1
100이상 (753.7/㎕),1
100이상 (992.6/㎕),1
100이상 (658.6/㎕),1
100이상 (39427.3/㎕),1
25-50 (242.4/㎕),1
100이상 (17598.8/㎕),1
50-99 (302.2/㎕),1
100이상 (15573.4/㎕),1
25-50 (227.3/㎕),1
100이상 (3475.9/㎕),1
100이상 (1873.3/㎕),1
100이상 (7609.0/㎕),1
100이상 (1960.4/㎕),1
100이상 (1236.3/㎕),1
50-99 (396.7/㎕),1
50-99 (353.8/㎕),1
25-50 (191.9/㎕),1
50-99 (441.6/㎕),1
100이상 (1065.6/㎕),1
100이상 (887.7/㎕),1
5-10 (48.2/㎕),1
100이상 (2481.2/㎕),1
10-25 (138.6/㎕),1
50-99 (380.4/㎕),1
100이상 (710.3/㎕),1
100이상 (7092.4/㎕),1
25-50 (182.1/㎕),1
50-99 (314.8/㎕),1
100이상 (830.4/㎕),1
50-99 (460.8/㎕),1
10-25 (103.9/㎕),1
50-99 (416.9/㎕),1
100이상 (1451.3/㎕),1
100이상 (644.5/㎕),1
25-50 (160.8/㎕),1
100이상 (568.5/㎕),1
25-50 (246.6/㎕),1
100이상 (14491.4/㎕),1
100이상 (13641.8/㎕),1
100이상 (2946.7/㎕),1
100이상 (2791.5/㎕),1
100이상 (3083.6/㎕),1
100이상 (1502.9/㎕),1
100이상 (2545.2/㎕),1
100이상 (2386.6/㎕),1
100이상 (3199.5/㎕),1
50-99 (457.2/㎕),1
50-99 (473.0/㎕),1
100이상 (924.1/㎕),1
100이상 (1060.1/㎕),1
100이상 (865.7/㎕),1
100이상 (2696.4/㎕),1
10-25 (119.8/㎕),1
100이상 (928.0/㎕),1
100이상 (1656.6/㎕),1
100이상 (4891.4/㎕),1
25-50 (245.8/㎕),1
50-99 (523.2/㎕),1
100이상 (757.7/㎕),1
100이상 (1005.7/㎕),1
100이상 (4152.5/㎕),1
50-99 (513.7/㎕),1
100이상 (559.5/㎕),1
50-99 (549.6/㎕),1
100이상 (729.2/㎕),1
50-99 (306.0/㎕),1
100이상 (1883.9/㎕),1
100이상 (3565.0/㎕),1
100이상 (1736.0/㎕),1
100이상 (1180.5/㎕),1
100이상 (1166.4/㎕),1
100이상 (605.1/㎕),1
50-99 (436.4/㎕),1
25-50 (218.5/㎕),1
25-50 (166.8/㎕),1
25-50 (175.8/㎕),1
10-25 (89.3/㎕),1
100이상 (578.6/㎕),1
50-99 (377.3/㎕),1
10-25 (81.6/㎕),1
100이상 (602.8/㎕),1
25-50 (142.1/㎕),1
100이상 (5172.4/㎕),1
50-99 (313.9/㎕),1
10-25 (103.0/㎕),1
100이상 (2627.1/㎕),1
25-50 (255.7/㎕),1
50-99 (279.2/㎕),1
10-25 (108.0/㎕),1
50-99 (363.3/㎕),1
25-50 (262.6/㎕),1
100이상 (17940.7/㎕),1
25-50 (189.5/㎕),1
100이상 (2071.7/㎕),1
100이상 (664.7/㎕),1
50-99 (542.3/㎕),1
50-99 (351.8/㎕),1
25-50 (224.3/㎕),1
25-50 (177.4/㎕),1
50-99 (469.8/㎕),1
100이상 (853.0/㎕),1
100이상 (3312.0/㎕),1
100이상 (759.4/㎕),1
25-50 (240.0/㎕),1
50-99 (406.1/㎕),1
25-50 (229.1/㎕),1
25-50 (230.1/㎕),1
50-99 (386.2/㎕),1
100이상 (3941.6/㎕),1
100이상 (27414.5/㎕),1
25-50 (275.8/㎕),1
50-99 (336.8/㎕),1
50-99 (292.4/㎕),1
25-50 (177.7/㎕),1
50-99 (298.9/㎕),1
100이상 (754.0/㎕),1
50-99 (281.0/㎕),1
50-99 (350.1/㎕),1
50-99 (375.6/㎕),1
50-99 (351.9/㎕),1
25-50 (204.1/㎕),1
25-50 (222.1/㎕),1
10-25 (126.8/㎕),1
50-99 (387.4/㎕),1
50-99 (305.7/㎕),1
50-99 (392.1/㎕),1
100이상 (1469.5/㎕),1
100이상 (785.2/㎕),1
100이상 (1624.9/㎕),1
50-99 (314.7/㎕),1
100이상 (2130.1/㎕),1
100이상 (2536.4/㎕),1
100이상 (1134.3/㎕),1
50-99 (343.3/㎕),1
10-25 (115.2/㎕),1
50-99 (298.6/㎕),1
100이상 (842.3/㎕),1
50-99 (383.1/㎕),1
100이상 (1599.4/㎕),1
50-99 (483.7/㎕),1
50-99 (285.9/㎕),1
100이상 (997.4/㎕),1
100이상 (2517.5/㎕),1
100이상 (14748.7/㎕),1
25-50 (231.0/㎕),1
25-50 (273.5/㎕),1
100이상 (9407.3/㎕),1
25-50 (224.4/㎕),1
100이상 (655.5/㎕),1
50-99 (505.1/㎕),1
25-50 (271.5/㎕),1
25-50 (141.2/㎕),1
50-99 (355.1/㎕),1
50-99 (510.3/㎕),1
10-25 (66.6/㎕),1
10-25 (124.7/㎕),1
25-50 (153.6/㎕),1
10-25 (114.8/㎕),1
25-50 (151.7/㎕),1
10-25 (136.3/㎕),1
25-50 (150.3/㎕),1
100이상 (1525.8/㎕),1
50-99 (434.8/㎕),1
25-50 (255.2/㎕),1
50-99 (423.5/㎕),1
25-50 (194.5/㎕),1
50-99 (453.6/㎕),1
50-99 (462.7/㎕),1
50-99 (320.3/㎕),1
100이상 (615.0/㎕),1
25-50 (139.1/㎕),1
100이상 (677.8/㎕),1
10-25 (83.4/㎕),1
25-50 (225.3/㎕),1
50-99 (311.5/㎕),1
50-99 (425.8/㎕),1
10-25 (123.8/㎕),1
100이상 (4535.8/㎕),1
100이상 (1456.1/㎕),1
25-50 (183.7/㎕),1
100이상 (670.6/㎕),1
50-99 (350.6/㎕),1
25-50 (141.5/㎕),1
25-50 (204.4/㎕),1
25-50 (147.2/㎕),1
25-50 (212.9/㎕),1
10-25 (100.2/㎕),1
25-50 (219.0/㎕),1
10-25 (133.8/㎕),1
10-25 (109.3/㎕),1
100이상 (1540.9/㎕),1
10-25 (91.1/㎕),1
50-99 (427.4/㎕),1
25-50 (178.9/㎕),1
50-99 (371.8/㎕),1
25-50 (173.7/㎕),1
100이상 (2327.9/㎕),1
100이상 (6159.3/㎕),1
25-50 (157.9/㎕),1
25-50 (232.0/㎕),1
100이상 (727.4/㎕),1
100이상 (2703.2/㎕),1
10-25 (105.9/㎕),1
100이상 (5977.1/㎕),1
100이상 (658.2/㎕),1
100이상 (9648.0/㎕),1
25-50 (165.6/㎕),1
10-25 (99.6/㎕),1
50-99 (303.3/㎕),1
25-50 (195.7/㎕),1
100이상 (587.3/㎕),1
25-50 (271.8/㎕),1
100이상 (1810.8/㎕),1
50-99 (299.0/㎕),1
100이상 (1475.3/㎕),1
50-99 (442.5/㎕),1
100이상 (1050.6/㎕),1
50-99 (327.5/㎕),1
100이상 (1841.1/㎕),1
100이상 (3502.7/㎕),1
100이상 (730.2/㎕),1
100이상 (662.3/㎕),1
50-99 (402.6/㎕),1
100이상 (2154.9/㎕),1
100이상 (1835.5/㎕),1
100이상 (2690.9/㎕),1
100이상 (1902.3/㎕),1
100이상 (4201.2/㎕),1
100이상 (2916.6/㎕),1
100이상 (2643.4/㎕),1
100이상 (1205.0/㎕),1
100이상 (1482.9/㎕),1
50-99 (468.0/㎕),1
50-99 (314.6/㎕),1
100이상 (1797.3/㎕),1
100이상 (2032.6/㎕),1
100이상 (7078.0/㎕),1
50-99 (458.5/㎕),1
100이상 (1385.9/㎕),1
100이상 (10993.0/㎕),1
100이상 (4814.9/㎕),1
100이상 (705.1/㎕),1
50-99 (391.3/㎕),1
50-99 (426.9/㎕),1
25-50 (187.7/㎕),1
100이상 (971.8/㎕),1
50-99 (291.4/㎕),1
100이상 (2023.7/㎕),1
100이상 (11715.6/㎕),1
100이상 (7408.9/㎕),1
100이상 (2324.7/㎕),1
100이상 (1033.1/㎕),1
25-50 (184.1/㎕),1
50-99 (412.7/㎕),1
100이상 (690.1/㎕),1
50-99 (435.9/㎕),1
100이상 (12548.6/㎕),1
50-99 (314.1/㎕),1
100이상 (813.4/㎕),1
100이상 (2756.1/㎕),1
100이상 (7410.1/㎕),1
25-50 (193.1/㎕),1
100이상 (723.8/㎕),1
100이상 (601.0/㎕),1
50-99 (445.5/㎕),1
25-50 (161.3/㎕),1
25-50 (238.5/㎕),1
100이상 (6840.5/㎕),1
25-50 (196.4/㎕),1
10-25 (113.0/㎕),1
100이상 (929.2/㎕),1
100이상 (2798.7/㎕),1
25-50 (241.7/㎕),1
50-99 (512.2/㎕),1
25-50 (183.1/㎕),1
100이상 (573.0/㎕),1
10-25 (114.0/㎕),1
25-50 (168.5/㎕),1
50-99 (552.5/㎕),1
50-99 (501.5/㎕),1
100이상 (1618.9/㎕),1
100이상 (3078.2/㎕),1
100이상 (2382.6/㎕),1
100이상 (17955.3/㎕),1
100이상 (11920.9/㎕),1
100이상 (17523.0/㎕),1
10-25 (132.9/㎕),1
100이상 (22400.6/㎕),1
50-99 (372.6/㎕),1
50-99 (551.9/㎕),1
100이상 (1384.1/㎕),1
25-50 (147.6/㎕),1
25-50 (178.1/㎕),1
50-99 (539.3/㎕),1
25-50 (154.5/㎕),1
25-50 (156.1/㎕),1
10-25 (98.1/㎕),1
10-25 (135.0/㎕),1
10-25 (83.3/㎕),1
10-25 (97.1/㎕),1
50-99 (350.9/㎕),1
50-99 (442.0/㎕),1
50-99 (349.1/㎕),1
25-50 (229.8/㎕),1
25-50 (147.8/㎕),1
100이상 (29603.7/㎕),1
10-25 (131.1/㎕),1
10-25 (64.1/㎕),1
100이상 (27154.0/㎕),1
10-25 (82.5/㎕),1
10-25 (103.2/㎕),1
50-99 (337.4/㎕),1
50-99 (316.9/㎕),1
10-25 (81.4/㎕),1
50-99 (469.2/㎕),1
100이상 (1502.4/㎕),1
100이상 (1445.0/㎕),1
25-50 (194.4/㎕),1
50-99 (447.0/㎕),1
100이상 (1959.0/㎕),1
50-99 (429.0/㎕),1
50-99 (390.6/㎕),1
100이상 (12520.7/㎕),1
100이상 (1051.5/㎕),1
50-99 (280.6/㎕),1
